Date,Sales_size,feature_1,feature_2,feature_3,feature_4,feature_5,feature_6,feature_7,feature_8,feature_9,feature_10
2015-01-01,4.013722929953365,151976,136,0,0,15663,0,0,0,661,0
2015-01-02,7.220396186625647,204223,185,0,0,20075,0,0,0,5404,0
2015-01-03,8.195493629353901,158073,146,0,0,11251,0,0,0,1103,0
2015-01-04,7.637878634352433,161828,146,0,0,14118,0,0,0,1213,0
2015-01-05,5.98285603750024,241127,209,0,0,644286,0,0,676,78757,0
2015-01-06,6.072924314361043,223926,200,0,0,13346,0,0,0,2647,0
2015-01-07,6.139561518807902,248798,214,0,0,11692,0,0,0,882,0
2015-01-08,6.944070867148716,242176,209,0,0,13015,0,0,0,1544,0
2015-01-09,7.500609271026015,253563,219,0,0,18420,0,0,0,4301,0
2015-01-10,7.7267615072989555,166915,146,0,0,18420,0,0,0,1764,0
2015-01-11,8.00127543796212,195663,170,0,0,19523,0,0,0,2316,0
2015-01-12,7.008468120052467,231033,200,0,0,158948,0,0,0,14780,0
2015-01-13,6.586504872868851,240884,214,0,0,17317,0,0,0,772,0
2015-01-14,5.258954786191087,255945,219,0,676,16655,0,0,0,882,0
2015-01-15,4.208943102975295,250575,219,0,0,18200,0,0,0,661,0
2015-01-16,4.3903586503337,258610,224,0,0,38165,0,0,0,12905,0
2015-01-17,4.591872191842625,166229,151,0,0,7500,0,0,0,441,0
2015-01-18,4.525710919049733,214842,185,0,0,11912,0,0,0,330,0
2015-01-19,3.2721418438931793,252876,219,0,1352,120562,0,0,0,17207,0
2015-01-20,2.966124629264998,248314,219,0,0,14118,0,0,0,4081,0
2015-01-21,3.425927732438505,261961,224,0,1352,22832,0,0,2028,772,0
2015-01-22,3.5686079913202473,242580,219,0,0,28789,0,0,0,1985,0
2015-01-23,4.69391187217193,272620,239,0,0,27576,0,0,0,4081,0
2015-01-24,4.267633544650248,193281,175,0,0,12023,0,0,0,1544,0
2015-01-25,3.3322506302892467,216255,185,0,0,11802,0,0,0,551,0
2015-01-26,2.574243142544403,261880,229,0,676,90228,0,0,0,10037,0
2015-01-27,3.0888901725281936,257439,229,0,4732,18972,0,0,0,16986,0
2015-01-28,3.6662062379964437,269107,234,0,0,18531,0,0,0,4081,0
2015-01-29,3.050979091048059,259336,224,0,0,14339,0,0,1352,661,0
2015-01-30,4.930408482296687,287559,248,0,0,16325,0,0,0,2426,0
2015-01-31,4.064514870416776,205151,180,0,0,11802,0,0,0,992,0
2015-02-01,5.226538279685403,218960,190,0,0,22502,0,0,0,1875,0
2015-02-02,3.503789726357562,267008,234,0,0,90449,0,0,0,9817,0
2015-02-03,2.6574758557413167,248354,219,0,2028,16986,0,0,0,1103,0
2015-02-04,2.6475582659098733,260548,224,0,676,14560,0,0,676,110,0
2015-02-05,3.2437119511198698,271167,239,0,0,41474,0,0,1352,2536,0
2015-02-06,6.04947369363477,284652,248,0,676,11251,0,0,0,661,0
2015-02-07,5.888681402928614,204748,180,0,0,13015,0,0,0,1433,0
2015-02-08,6.220189246298556,221060,190,0,0,11361,0,0,0,1875,0
2015-02-09,4.451136451575511,262082,229,0,1352,44452,0,0,676,4522,0
2015-02-10,4.2052735986376755,256066,229,0,3380,14229,0,0,0,2095,0
2015-02-11,4.486037187510617,254976,219,0,0,11802,0,0,1352,992,0
2015-02-12,4.226012520195385,271167,239,0,2028,26914,0,0,0,1433,0
2015-02-13,6.184008018927632,283966,248,0,0,24818,0,0,0,30333,0
2015-02-14,6.531927249444771,207089,185,0,676,9706,0,0,2028,1433,0
2015-02-15,5.6426428625726714,219687,195,0,676,40261,0,0,0,2536,0
2015-02-16,4.018972314450713,255703,229,0,0,91552,0,0,676,12574,0
2015-02-17,3.375804946839869,250978,229,0,2704,26803,0,0,0,14780,0
2015-02-18,4.633860878220401,249363,219,0,2028,15883,0,0,676,551,0
2015-02-19,4.996439110139505,251705,224,0,2028,14670,0,0,676,992,0
2015-02-20,6.966886146715495,300682,268,0,1352,24156,0,0,0,4522,0
2015-02-21,7.859462777161111,195703,180,0,0,9265,0,0,0,220,0
2015-02-22,4.793649184365932,220171,200,0,0,12243,0,0,676,441,0
2015-02-23,4.542306927613025,243872,214,0,0,121665,0,0,0,25480,0
2015-02-24,3.7942657703485385,266402,243,149,2704,26031,0,0,676,8824,0
2015-02-25,4.038598374230492,262768,234,0,5409,10368,0,0,0,110,0
2015-02-26,3.8443839363662,265797,239,0,3380,14560,0,0,676,772,0
2015-02-27,5.521379521924151,295917,263,0,0,21840,0,0,676,4632,0
2015-02-28,6.632915946547316,188072,175,0,1352,13015,0,0,676,1103,0
2015-03-01,5.436245062512287,226026,200,0,0,16766,0,0,0,772,0
2015-03-02,2.769849315577079,259134,234,0,676,122327,210919,0,0,15442,0
2015-03-03,2.501665995194909,260911,239,149,10818,16545,210919,0,676,7721,0
2015-03-04,3.3430872778432694,255662,229,0,676,10809,0,0,0,551,0
2015-03-05,3.829756053389634,263414,239,0,2028,12023,0,0,0,772,0
2015-03-06,5.907288794341163,299592,263,0,676,18089,0,0,676,3640,0
2015-03-07,6.893351795440206,201195,185,0,0,11581,0,0,0,992,210919
2015-03-08,3.3022596225853573,226995,200,0,0,8052,421839,0,0,441,0
2015-03-09,4.901379447317464,238462,214,0,0,92103,0,0,0,5625,0
2015-03-10,3.6034691249513315,259740,239,0,2028,13346,0,0,1352,551,0
2015-03-11,3.4641009528147446,265998,239,0,3380,9817,0,0,0,772,0
2015-03-12,3.720197603972636,264706,239,0,4056,11030,0,0,676,551,0
2015-03-13,4.903604115355413,286227,258,0,2704,16766,0,0,0,4081,0
2015-03-14,4.708032497970582,157467,151,0,676,5846,421839,0,0,772,0
2015-03-15,5.421782525765606,222634,195,0,0,10147,421839,0,0,661,0
2015-03-16,2.677995944926769,207170,190,0,6761,64858,0,0,0,5184,0
2015-03-17,2.768232499002011,207332,195,0,4732,12354,0,0,0,4963,0
2015-03-18,3.810511048096219,214276,195,0,3380,11912,0,0,8113,882,0
2015-03-19,4.963291330370236,211773,195,0,5409,13788,0,0,0,772,0
2015-03-20,6.341266112006557,251867,229,0,1352,24597,0,0,0,6618,0
2015-03-21,7.036048312104667,158678,151,0,676,9155,421839,0,0,882,0
2015-03-22,6.725191679497436,222069,195,0,0,14891,210919,0,0,441,0
2015-03-23,5.111246994104109,219162,200,0,676,426325,0,0,0,87471,0
2015-03-24,4.783270996508776,214922,200,0,7437,15773,0,0,1352,2426,0
2015-03-25,4.368616201605262,220777,200,0,2028,11140,0,149,4056,661,0
2015-03-26,4.512953741305875,226914,209,0,6761,11140,0,0,2704,992,0
2015-03-27,5.997117641433893,258327,239,0,676,16655,0,0,0,6066,0
2015-03-28,5.469177455876105,163523,156,0,676,9927,0,0,676,441,0
2015-03-29,5.2812948787448075,236483,209,0,0,32208,0,0,0,2316,0
2015-03-30,4.506452977485729,258206,239,149,676,925341,0,0,0,117032,0
2015-03-31,4.042304170362478,274114,248,0,2028,26583,0,0,0,17648,0
2015-04-01,3.6974978255221207,256106,234,0,1352,62763,0,0,1352,1985,0
2015-04-02,4.350428989155987,258448,239,0,4732,10478,0,0,0,772,0
2015-04-03,4.766491739254097,288892,258,0,2028,41915,0,0,1352,33091,0
2015-04-04,4.329158132402061,224330,204,0,0,6838,421839,0,676,661,0
2015-04-05,4.770399249743041,234545,209,0,0,8052,0,0,0,110,210919
2015-04-06,3.4480634484035653,259538,239,0,0,84934,0,0,676,6287,0
2015-04-07,2.9883216552830896,274720,248,0,676,23163,0,0,0,5294,0
2015-04-08,3.389373006728611,256106,234,0,676,14670,421839,0,676,772,0
2015-04-09,4.306411157899772,258448,239,0,4732,14891,0,0,676,992,0
2015-04-10,5.685636537261198,286348,258,0,676,39157,0,0,0,14118,0
2015-04-11,4.9908052387202115,223361,204,0,676,6728,0,0,0,1433,0
2015-04-12,5.431450961512373,236120,209,0,0,13677,210919,0,0,220,210919
2015-04-13,4.752595261880178,260992,239,0,676,49085,210919,0,0,4522,0
2015-04-14,5.274803445536518,336455,302,0,3380,19082,0,0,676,7941,0
2015-04-15,5.4176256546639046,328178,292,0,1352,22060,0,0,0,992,0
2015-04-16,5.753955879523449,317357,282,0,2704,22832,0,0,2704,2426,0
2015-04-17,7.62221783959438,328905,287,0,676,27134,0,0,0,15773,0
2015-04-18,5.903929047368553,282835,253,0,676,9706,0,0,676,551,0
2015-04-19,6.7268457134247415,272297,234,0,0,15442,421839,0,0,1103,0
2015-04-20,5.35550280283958,297048,273,0,2028,1245333,0,0,0,125857,0
2015-04-21,4.907988185068054,321435,292,149,4732,29782,0,0,0,6949,0
2015-04-22,5.744326978936153,312633,282,0,9465,22832,0,0,0,1103,0
2015-04-23,6.9156822191166745,321112,292,0,2028,11140,0,0,2704,551,0
2015-04-24,6.79537743584622,356643,302,0,4056,27134,0,0,676,7169,0
2015-04-25,5.516901517445704,292162,263,0,0,9044,210919,0,676,1103,0
2015-04-26,6.082810487534207,277748,243,0,0,14449,210919,0,0,1323,210919
2015-04-27,5.538910433073812,314975,287,0,4056,258994,0,0,0,40812,0
2015-04-28,6.545115810542911,329914,297,0,0,21619,0,0,0,3419,0
2015-04-29,7.112406455010336,321718,282,0,0,16325,0,0,0,551,0
2015-04-30,7.128684097667738,341381,297,0,0,17648,0,0,0,1103,0
2015-05-01,6.711998571602708,351233,302,0,0,32208,0,0,0,14560,0
2015-05-02,6.8345543352284945,289296,263,0,0,7941,210919,0,0,441,0
2015-05-03,7.226363959471133,295473,243,0,676,16104,210919,0,0,1323,0
2015-05-04,6.774007983009503,328339,292,0,0,117915,421839,0,0,26693,0
2015-05-05,5.597600874748767,334880,302,149,0,20075,0,0,0,4412,0
2015-05-06,5.667754293313361,321637,282,0,0,11802,0,0,676,551,0
2015-05-07,6.493852827826714,313642,287,0,0,18972,0,0,0,1985,0
2015-05-08,6.7223941369389815,342108,302,0,0,20957,0,0,0,6949,0
2015-05-09,5.869044167495431,289619,263,0,0,10368,0,0,0,661,0
2015-05-10,6.356326619022572,289780,253,0,0,17428,421839,0,0,330,210919
2015-05-11,6.873639526491455,318245,292,0,0,382314,0,0,0,11361,0
2015-05-12,6.768698465018303,333911,302,0,2704,15221,0,0,0,2978,0
2015-05-13,6.547048614951053,309322,282,0,2028,14449,0,0,676,992,0
2015-05-14,7.659102638581536,304477,273,0,676,17758,0,0,0,551,0
2015-05-15,7.469356588481275,326603,287,0,1352,20957,0,0,0,7280,0
2015-05-16,6.888790591597761,280897,253,0,0,9375,210919,0,676,220,0
2015-05-17,7.291739677527697,300641,243,0,0,11251,210919,0,0,661,210919
2015-05-18,6.824611506766168,325150,292,0,0,168434,0,0,0,19303,0
2015-05-19,6.891244683074878,327209,297,0,7437,11471,0,0,2028,2536,0
2015-05-20,6.808091234294698,330197,292,0,2028,13457,0,0,676,551,0
2015-05-21,7.402331956253611,326119,297,0,4056,18862,0,0,676,1654,0
2015-05-22,7.526143428120374,335526,297,0,676,11802,0,0,0,1985,0
2015-05-23,7.660193345904699,300843,273,0,0,9596,421839,0,1352,992,0
2015-05-24,7.284641088176547,285944,243,0,0,8714,210919,0,0,1103,0
2015-05-25,7.07742274534216,335769,302,149,676,151447,421839,0,0,24928,0
2015-05-26,6.826995632927881,329955,297,0,3380,10368,0,0,0,2206,0
2015-05-27,7.422001391537656,331247,292,0,4056,8383,0,0,676,661,0
2015-05-28,7.504682037067868,322929,297,0,1352,12795,0,0,2704,2536,0
2015-05-29,7.025605197726774,347357,297,0,1352,25369,0,0,676,4522,0
2015-05-30,7.667605076812113,275406,248,0,0,20626,632759,0,676,1764,210919
2015-05-31,7.79248463832371,304517,248,0,0,15001,0,0,0,1985,0
2015-06-01,5.736726642176832,337747,302,0,0,204393,0,0,0,29561,0
2015-06-02,5.619609790376875,326361,297,0,676,10258,0,0,0,1544,0
2015-06-03,5.573046975366612,340775,302,0,1352,11581,0,0,2704,1323,0
2015-06-04,5.53503430797141,327411,297,0,2028,10589,0,0,0,1213,0
2015-06-05,5.8218202388469455,348810,297,0,676,10699,0,0,1352,1103,0
2015-06-06,5.111011376762381,271813,243,0,0,11361,0,0,0,882,0
2015-06-07,6.288626850718603,307425,248,0,0,10037,0,0,0,441,0
2015-06-08,5.921096101628744,331085,297,0,4056,85706,0,0,0,11581,0
2015-06-09,5.8954235196697935,329955,297,0,676,15332,0,0,0,5515,0
2015-06-10,7.459871974746633,342269,302,0,676,16766,0,0,0,992,0
2015-06-11,6.907697579519893,337384,297,0,676,18751,0,0,0,2316,0
2015-06-12,6.7908937915636445,340008,297,0,0,13677,0,0,0,7500,0
2015-06-13,6.610904651216807,283118,248,0,0,9375,0,0,0,551,0
2015-06-14,6.1928132927619,306779,248,0,0,12133,0,0,0,1764,0
2015-06-15,6.294549869638848,321193,287,0,0,95192,0,0,0,13788,0
2015-06-16,6.69115385554183,316105,282,0,2028,18862,0,0,0,3970,0
2015-06-17,7.226566310612472,362417,287,0,1352,16214,0,0,0,1433,0
2015-06-18,7.380323040625503,344853,292,0,1352,12464,0,0,0,772,0
2015-06-19,7.04063919556671,341704,297,0,676,18310,0,0,676,5184,0
2015-06-20,7.702059799205072,262607,239,0,676,13126,0,0,0,992,0
2015-06-21,6.244492876992891,304639,248,0,0,18200,0,0,0,2206,0
2015-06-22,6.1458190416473935,339766,297,0,676,68278,0,0,0,8493,0
2015-06-23,6.547137459395054,316832,287,0,2704,15773,0,0,0,6397,0
2015-06-24,6.360853342201648,366818,297,0,1352,15332,0,0,0,992,0
2015-06-25,7.120818726373809,339927,292,0,676,10699,0,0,676,1875,0
2015-06-26,7.239283450523849,344732,292,0,0,9155,0,0,0,1764,0
2015-06-27,7.170310255354884,262203,239,0,0,10368,0,0,0,1764,0
2015-06-28,6.779995336955506,306859,248,0,0,11361,0,0,0,992,0
2015-06-29,7.0371972864121455,337424,297,0,0,65300,0,0,0,10699,0
2015-06-30,7.371804280677016,320345,287,0,676,12354,0,0,0,2316,0
2015-07-01,6.399416986874572,375257,302,0,0,13567,0,0,676,2316,0
2015-07-02,6.059584483039343,331610,292,0,0,10920,0,0,0,1764,0
2015-07-03,6.5938785139244,344611,292,0,0,23384,0,0,0,10920,0
2015-07-04,5.675173282290458,266321,239,0,0,9265,0,0,0,1323,0
2015-07-05,7.151436222564175,304316,248,0,0,16876,0,0,0,1544,0
2015-07-06,6.573742054179592,344773,302,149,0,53276,0,0,0,7059,0
2015-07-07,5.99995826679416,326603,292,0,0,15994,0,149,0,8714,0
2015-07-08,6.811251488846427,365041,297,0,0,12684,0,0,0,2426,0
2015-07-09,6.676782977191783,321597,292,0,0,25590,0,0,0,1985,0
2015-07-10,7.140446821151154,345984,292,0,0,25590,0,0,0,6066,0
2015-07-11,6.5307775525033245,266039,239,0,0,11030,0,0,0,1213,210919
2015-07-12,6.839335263539306,305365,248,0,0,11802,0,0,0,1544,210919
2015-07-13,6.3324434808942,358824,307,149,0,46768,0,0,0,7280,0
2015-07-14,6.8880342080765935,310453,278,0,0,13015,0,0,0,6177,0
2015-07-15,6.779123201385723,368433,292,0,0,14008,210919,0,0,1875,210919
2015-07-16,7.479369518235533,339766,282,0,676,14560,0,0,0,2206,210919
2015-07-17,7.259080944007505,334921,282,0,0,22281,210919,0,0,4632,0
2015-07-18,7.217901646493582,257398,229,0,0,11030,210919,0,0,1213,0
2015-07-19,6.678354468486905,301247,239,0,0,12905,0,0,0,1433,210919
2015-07-20,6.689656031633264,357330,292,0,0,111076,0,0,0,12795,210919
2015-07-21,6.86927472127974,312310,282,0,0,14780,0,0,0,1764,0
2015-07-22,7.220794110001944,364355,287,0,0,13788,0,0,0,2316,0
2015-07-23,7.284292123333999,338070,282,0,0,17428,0,0,0,1985,0
2015-07-24,7.372081246863844,340856,292,0,0,15332,0,0,0,2536,0
2015-07-25,7.111750476004245,267089,239,0,0,14008,210919,0,0,1544,0
2015-07-26,7.0195595183064015,313037,248,0,0,20185,0,0,0,1985,0
2015-07-27,6.951877659066028,348406,302,0,0,137438,210919,0,0,13015,0
2015-07-28,7.864519184443877,321193,292,0,0,20957,0,0,676,9817,0
2015-07-29,7.399874201611682,374449,297,0,0,22612,0,0,0,1544,0
2015-07-30,7.981900067793784,349254,292,0,676,26803,0,0,0,1433,0
2015-07-31,7.914649578464646,339564,292,0,0,26472,0,0,0,6618,0
2015-08-01,7.915554351117749,263172,239,0,0,15442,210919,0,0,1764,210919
2015-08-02,7.122713923416508,311704,248,0,0,22391,210919,0,0,1764,0
2015-08-03,7.526290216687782,345661,302,0,0,60115,210919,0,0,9706,0
2015-08-04,6.824826069441111,325634,297,0,0,20737,0,0,0,4522,0
2015-08-05,6.105176999524503,371381,302,0,0,15883,0,0,0,1323,0
2015-08-06,7.380323040625503,339241,292,0,0,11471,0,0,676,1323,0
2015-08-07,6.9890280881630815,350183,297,0,0,18420,0,0,0,6618,0
2015-08-08,6.057216614515128,269471,243,0,0,12133,0,0,0,1433,0
2015-08-09,5.778698927417087,316509,258,0,0,11692,210919,0,0,2536,0
2015-08-10,6.962153643691454,351960,302,0,0,69270,0,0,0,7500,210919
2015-08-11,7.234508278700151,327653,292,0,0,13898,0,0,0,3419,0
2015-08-12,7.2140419322578575,374651,302,0,0,13788,0,0,0,1985,0
2015-08-13,7.706971580176603,346024,292,0,0,13788,0,0,0,2095,0
2015-08-14,7.879966626762347,343804,292,0,0,20295,210919,0,676,3088,0
2015-08-15,7.353285870865131,259134,229,0,1352,11361,0,0,0,1103,210919
2015-08-16,7.975641328540721,301287,239,0,0,13015,421839,0,0,1323,0
2015-08-17,7.97675709094598,332417,287,0,0,60005,0,0,0,6397,0
2015-08-18,7.620160873924574,309161,278,0,1352,15442,0,0,0,2206,0
2015-08-19,7.980739260007493,359873,292,0,676,17758,0,0,0,1433,0
2015-08-20,7.622968035031018,339322,282,0,0,12464,0,0,0,1433,0
2015-08-21,7.757762177953452,341542,287,0,0,9817,0,0,0,882,0
2015-08-22,7.702559222444685,268865,239,0,676,10478,210919,0,676,992,0
2015-08-23,7.129930265936828,328662,258,0,0,16876,210919,0,0,1654,210919
2015-08-24,7.82668859854496,338555,297,0,676,47982,0,0,0,4963,0
2015-08-25,7.926475704660607,318609,287,0,1352,13015,0,0,0,4522,0
2015-08-26,7.915828587341111,380788,307,0,2028,12684,0,0,0,1654,0
2015-08-27,7.960752106991901,331731,292,0,1352,10368,0,0,0,1875,0
2015-08-28,7.714100049450267,358501,297,0,0,21950,0,0,0,5294,0
2015-08-29,7.594048173110502,262445,239,0,676,12464,421839,0,0,661,210919
2015-08-30,6.7829654318879555,316186,253,0,0,14449,210919,0,0,2095,0
2015-08-31,6.858913395846282,346993,297,0,0,62321,0,0,0,6507,0
2015-09-01,6.529311636338666,316509,287,0,676,41364,0,0,0,12905,0
2015-09-02,7.189579105181902,363346,297,0,1352,17869,0,0,0,1985,0
2015-09-03,7.409248358466533,318124,287,0,676,33091,0,0,1352,3198,0
2015-09-04,6.744086303806658,356038,292,0,0,27134,0,0,0,7169,0
2015-09-05,7.509424298897422,262607,239,0,0,18200,0,0,0,1323,0
2015-09-06,7.367894129184278,306617,248,0,0,18310,0,0,0,1323,210919
2015-09-07,6.4119307529887575,342027,297,0,676,78205,210919,0,0,10920,210919
2015-09-08,6.170384157325377,328743,287,0,6085,19192,0,0,676,2316,0
2015-09-09,6.183932431393799,370452,297,0,0,17317,0,0,2028,2095,0
2015-09-10,6.627092810462556,325553,292,0,3380,19523,0,0,676,1764,0
2015-09-11,7.650010794342217,336495,292,0,676,33422,0,0,0,8603,0
2015-09-12,6.662223177500222,276456,243,0,0,10809,210919,0,0,882,0
2015-09-13,7.1479627513168325,309161,248,0,0,13236,210919,0,0,1544,0
2015-09-14,7.064861916622624,328461,287,149,2028,61660,0,0,0,7280,0
2015-09-15,7.169098586472412,309080,278,0,10818,14891,0,0,1352,3860,0
2015-09-16,6.977674926949323,348124,282,0,676,20406,0,0,0,1985,0
2015-09-17,7.8376132388901185,334154,282,0,6085,19192,0,0,2028,1875,0
2015-09-18,7.571066976069105,320668,282,0,2028,20075,0,0,676,6949,0
2015-09-19,7.051759332610559,268663,243,0,0,12684,0,0,0,882,210919
2015-09-20,7.02269724855553,312552,248,0,0,13567,421839,0,0,1654,210919
2015-09-21,7.162044386401235,332135,297,149,1352,109752,210919,0,0,10809,210919
2015-09-22,6.809273913220139,328218,292,0,8789,13346,0,0,676,2095,0
2015-09-23,6.608887187852341,366535,292,0,4056,11251,0,0,2028,441,210919
2015-09-24,7.0769507897311215,342350,297,0,7437,24928,210919,0,2028,992,210919
2015-09-25,7.380537761753582,343319,292,0,3380,14008,0,0,676,8934,0
2015-09-26,7.340513855972699,268260,243,0,1352,9486,421839,0,0,882,0
2015-09-27,7.185857688018582,305890,248,0,0,12243,0,0,0,1213,0
2015-09-28,5.751663284145521,335526,297,0,1352,111848,0,0,2704,25921,0
2015-09-29,6.386100845064102,317478,287,0,1352,12795,0,0,0,4522,0
2015-09-30,6.4479655014982535,358904,292,0,1352,12905,0,0,2028,441,0
2015-10-01,6.638759481519592,337464,292,149,3380,50298,0,0,676,2647,0
2015-10-02,7.601927677794903,347397,292,0,1352,15773,0,0,0,15773,0
2015-10-03,7.382182611038345,315944,273,0,676,9817,0,0,0,551,210919
2015-10-04,7.2967155358458795,306859,248,0,0,10478,421839,0,0,1764,421839
2015-10-05,7.003824596455,335123,302,0,3380,63535,0,149,676,10699,0
2015-10-06,7.2116823177921345,313723,282,0,4056,15332,0,0,10142,2316,0
2015-10-07,7.269468939151516,341623,292,0,2704,16214,0,0,4056,661,0
2015-10-08,7.146321744587633,328097,282,0,4056,22502,0,0,3380,2978,0
2015-10-09,7.158885178864867,332377,282,0,2028,17097,0,0,676,8493,0
2015-10-10,6.540091751221377,312229,278,0,0,8383,0,0,0,1875,0
2015-10-11,7.1267904516313685,290184,243,0,0,10368,210919,0,0,1544,0
2015-10-12,5.959615836746903,326644,292,0,0,51181,0,0,0,6397,0
2015-10-13,5.76633589456426,307788,278,0,7437,10699,0,0,676,6177,0
2015-10-14,6.888943431289623,286510,253,0,5409,10478,0,0,4732,551,0
2015-10-15,7.569551495180784,308555,273,0,6761,14229,210919,0,676,1323,421839
2015-10-16,7.497931759540919,303145,253,0,0,14780,0,0,0,4081,0
2015-10-17,7.2339439238466685,292203,258,0,1352,7721,210919,0,676,441,0
2015-10-18,7.210595502697483,283360,248,0,0,9817,210919,0,0,1433,0
2015-10-19,6.140921226359871,300480,268,0,2028,418383,210919,0,0,64527,0
2015-10-20,6.498850021230198,296281,268,0,2028,9375,0,0,0,2757,0
2015-10-21,5.489108562697867,310937,278,0,2704,12905,0,0,2704,1213,0
2015-10-22,7.035516695785147,287277,258,0,4056,18200,0,0,676,661,0
2015-10-23,7.573820354814349,312472,268,0,2028,15442,0,0,676,7390,0
2015-10-24,7.610857929489458,293172,258,0,0,9044,0,0,0,1323,210919
2015-10-25,6.920885958527451,171679,146,0,0,29230,210919,0,0,1985,210919
2015-10-26,6.420531938406638,215407,190,0,1352,311278,210919,0,0,102031,210919
2015-10-27,6.592643119816011,218314,195,0,10142,11471,0,0,676,441,0
2015-10-28,7.933855013332425,215447,190,149,6085,12023,210919,0,0,1103,210919
2015-10-29,7.8236910511047775,205676,180,149,1352,15001,210919,0,0,2206,0
2015-10-30,7.836384670163544,210279,185,0,0,11802,0,0,676,4853,0
2015-10-31,7.55186862923437,188355,165,0,0,10920,210919,0,0,1213,210919
2015-11-01,7.9757920127778394,169136,146,0,0,16876,421839,0,0,1323,0
2015-11-02,7.73970564666046,216295,190,0,0,35187,0,0,676,2206,0
2015-11-03,6.495094762926008,219525,195,0,676,21068,0,0,676,2647,0
2015-11-04,6.785122842130154,220050,195,0,1352,7721,0,0,0,551,0
2015-11-05,6.666733902318743,200872,180,0,0,6728,0,0,0,330,0
2015-11-06,6.6685685847193295,209310,185,0,676,10478,0,0,0,1323,0
2015-11-07,7.5494441817678055,195219,170,0,0,8714,210919,0,0,992,0
2015-11-08,6.84307976683169,169136,146,0,0,10147,210919,0,0,441,0
2015-11-09,7.338220252571733,215326,190,0,1352,65961,0,149,676,2426,0
2015-11-10,6.047998127180162,218314,195,298,5409,12684,0,0,1352,2426,0
2015-11-11,6.502062502703866,220050,195,0,1352,14780,0,0,1352,441,0
2015-11-12,7.035197725993435,211006,185,0,7437,14229,0,0,1352,1213,0
2015-11-13,7.559997658975203,210279,185,0,1352,12133,0,0,676,3198,0
2015-11-14,7.542725515300515,189001,165,0,0,8162,0,0,0,220,0
2015-11-15,6.976314418863027,164694,141,0,0,21509,210919,0,0,1323,210919
2015-11-16,6.060821385362886,193685,170,0,676,84382,0,0,0,19082,0
2015-11-17,4.582219855399118,209068,180,0,1352,18310,0,0,676,1985,0
2015-11-18,5.694508004928865,200347,175,0,2704,11581,0,0,2028,772,0
2015-11-19,7.234030540749824,193240,170,0,2704,11361,0,0,676,1103,0
2015-11-20,7.441463611103586,197924,170,0,6085,11912,0,0,0,3309,210919
2015-11-21,7.101484397959536,189001,165,0,676,6728,421839,0,676,661,421839
2015-11-22,6.293116730946786,164694,141,0,0,13346,210919,0,0,1103,0
2015-11-23,5.602929659820361,200225,175,0,676,32208,0,0,0,4963,0
2015-11-24,4.141590685045569,207776,180,0,2704,12464,0,0,0,1213,0
2015-11-25,6.12479295283993,199055,175,0,4732,10920,210919,0,0,1103,421839
2015-11-26,6.646900740271622,191545,165,0,9465,11140,0,0,2028,220,0
2015-11-27,7.647950328167293,197924,170,0,676,12905,0,0,0,3419,0
2015-11-28,6.260628683781443,189001,165,0,1352,8052,0,0,0,220,0
2015-11-29,5.701006262654582,165663,141,0,0,9265,210919,0,0,1433,210919
2015-11-30,5.319869320394072,193685,170,0,0,29782,210919,0,0,5073,0
2015-12-01,4.062748401177319,205232,180,0,2704,63314,0,0,0,7280,0
2015-12-02,5.494700706510309,201881,175,0,676,30995,0,0,1352,2206,0
2015-12-03,5.753183156141088,189405,165,0,1352,30774,0,0,1352,3750,210919
2015-12-04,7.242903563618003,205434,175,0,1352,24156,632759,0,0,9375,0
2015-12-05,6.972897599305175,190939,165,0,0,7059,0,0,676,772,0
2015-12-06,7.435169130225679,168974,146,0,0,20185,0,0,0,2316,0
2015-12-07,7.24935837405535,198166,170,0,2704,24708,0,0,676,3640,0
2015-12-08,6.510387806804639,205232,180,0,676,15221,0,0,0,1103,0
2015-12-09,5.696693397255318,211167,180,0,3380,16766,0,0,1352,772,0
2015-12-10,7.502986063726158,197803,170,0,2028,14560,0,0,676,1213,0
2015-12-11,7.132427748515906,202042,170,0,2028,14560,0,0,0,1544,0
2015-12-12,7.701737284752067,192554,165,0,0,9596,0,0,0,1875,0
2015-12-13,7.47422774730543,167924,141,0,0,13567,0,0,0,1323,0
2015-12-14,7.336029925871751,193402,165,0,676,60667,0,0,0,5294,0
2015-12-15,6.635267368316237,201154,175,0,676,13236,0,0,0,1213,0
2015-12-16,7.226707439601028,196147,170,0,2028,30223,0,0,676,2647,0
2015-12-17,7.115849941887741,185771,161,0,2028,17538,0,0,0,3198,0
2015-12-18,7.519352510271036,191787,165,0,676,37724,0,0,676,10147,0
2015-12-19,7.494965421048535,184802,161,0,676,18310,0,0,0,882,0
2015-12-20,6.571067170834283,161464,136,0,0,20295,0,0,0,1323,0
2015-12-21,7.227035097229738,190454,165,0,0,60005,0,0,0,6177,0
2015-12-22,6.585315543711598,200064,175,0,0,11581,0,0,0,2867,0
2015-12-23,6.8527720715226845,196147,170,0,0,14339,0,0,676,1654,0
2015-12-24,7.0604769181800355,186053,161,0,0,60887,0,0,0,1654,0
2015-12-25,6.982836547376022,204304,175,0,0,19413,0,0,0,4522,0
2015-12-26,7.137791750306083,192594,165,0,0,15001,0,0,0,772,0
2015-12-27,7.130274461210349,173900,146,0,0,20957,0,0,0,661,0
2015-12-28,7.434198366199826,197278,170,0,0,177699,0,0,0,25149,0
2015-12-29,7.711657513742694,217870,185,0,0,21399,0,0,0,2316,0
2015-12-30,7.754367506957214,219000,185,0,0,18310,0,0,0,1764,0
2015-12-31,8.003392342209965,198328,165,0,0,16104,0,0,0,1875,0
2016-01-01,8.286269627456377,139903,117,0,0,31988,0,0,0,2426,0
2016-01-02,8.19289858501108,188274,165,0,0,17097,0,0,0,1103,0
2016-01-03,8.142147410556186,175313,151,0,0,16766,0,0,0,1985,0
2016-01-04,8.201989224074863,201114,175,0,0,187958,0,0,0,27134,0
2016-01-05,8.087276088073816,213307,185,0,0,15994,0,0,676,4191,0
2016-01-06,7.429695839187828,212015,180,0,0,16766,0,0,0,882,0
2016-01-07,7.563730670859735,196430,170,0,0,13126,0,0,0,1213,0
2016-01-08,8.018581593840631,208745,180,0,0,18862,0,0,0,3309,0
2016-01-09,7.539765407175795,193119,165,0,0,17869,0,0,0,2095,0
2016-01-10,8.10052089005232,182500,156,0,0,22281,0,0,0,1764,0
2016-01-11,8.00918597488828,186659,161,0,0,72469,0,0,0,11030,0
2016-01-12,8.05056906544768,200064,175,0,0,17538,0,0,0,3529,0
2016-01-13,7.6713119640394645,199297,170,0,0,20957,0,0,0,2647,0
2016-01-14,8.0853990802086,184156,161,0,0,17097,0,0,0,1654,0
2016-01-15,7.586377526071267,202487,170,0,0,16986,0,0,0,3860,0
2016-01-16,7.709516223097202,133847,117,0,0,11140,0,0,0,1323,0
2016-01-17,7.894965539271503,193927,165,0,0,17648,0,0,0,1764,0
2016-01-18,7.531050765836182,171195,141,0,0,60005,0,0,0,12023,0
2016-01-19,7.880829667653543,174142,151,0,1352,20075,0,0,0,2978,0
2016-01-20,7.307997737009363,194977,170,0,2028,13236,0,0,1352,1544,0
2016-01-21,6.652433975939385,192716,165,0,0,13126,0,0,0,2206,0
2016-01-22,6.848307038763577,200306,170,0,0,23053,0,0,0,3640,0
2016-01-23,7.494965421048535,190172,165,0,0,10809,0,0,676,882,0
2016-01-24,7.3928700414865975,191020,165,0,0,15883,0,0,0,772,0
2016-01-25,7.4380622128627,202931,175,0,0,32319,0,0,0,10037,0
2016-01-26,6.999094606857689,206403,180,0,2028,21619,0,0,676,5846,0
2016-01-27,6.925933339190187,201518,175,0,0,14339,0,0,0,2426,0
2016-01-28,7.519352510271036,190172,165,0,0,17097,0,0,0,992,0
2016-01-29,7.4593563843949635,196592,170,0,0,18531,0,0,0,2647,0
2016-01-30,7.548101151065862,192716,165,0,676,11471,0,0,0,1764,0
2016-01-31,7.437639226452345,193563,165,0,0,18862,0,0,0,772,0
2016-02-01,6.950320428412687,201396,175,0,0,30002,0,0,0,2206,0
2016-02-02,7.036431973786315,207372,180,0,676,14449,0,0,0,1654,0
2016-02-03,6.741754881869429,204425,175,0,0,13898,0,0,1352,882,0
2016-02-04,7.3928700414865975,189203,165,0,2028,17207,0,0,0,2316,0
2016-02-05,7.478707361566868,204667,175,0,0,16214,0,0,0,2647,0
2016-02-06,7.13238882277846,194088,165,0,676,11140,0,0,676,1654,0
2016-02-07,7.478707361566868,198530,170,0,0,12243,0,0,0,882,0
2016-02-08,7.449405407913729,195824,170,0,2028,38054,0,0,0,4743,0
2016-02-09,8.10052089005232,205434,180,0,4056,12464,0,0,0,3309,0
2016-02-10,8.039610413684384,201518,175,0,0,10920,0,0,1352,1103,0
2016-02-11,7.329807153382246,199216,170,0,2704,16104,0,0,0,1544,0
2016-02-12,7.211269051018298,207211,175,0,0,17317,0,0,0,2867,0
2016-02-13,7.8674123752306695,189203,165,0,676,9265,0,0,676,992,0
2016-02-14,7.717556901416752,197561,170,0,0,12905,0,0,1352,1323,0
2016-02-15,7.52748154001187,194855,170,0,0,55703,0,0,0,4632,0
2016-02-16,7.006464927156045,193160,165,0,676,12133,0,0,0,1323,0
2016-02-17,7.486836391307702,179835,156,0,2028,13126,0,0,676,1433,0
2016-02-18,7.568126688716037,175636,151,0,4056,9817,0,0,1352,1323,0
2016-02-19,7.025951466532669,192635,161,0,2028,15442,0,0,0,1433,0
2016-02-20,7.6020501988265545,177211,151,0,0,13457,0,0,0,1433,0
2016-02-21,7.259223558564361,189768,161,0,0,15442,0,0,0,772,0
2016-02-22,6.4300625249993395,180320,156,0,676,31436,0,0,0,2095,0
2016-02-23,6.734137338828439,208180,170,0,1352,9044,0,0,0,1654,0
2016-02-24,7.306453065331163,193967,165,0,4056,13015,0,0,1352,1103,0
2016-02-25,7.219744024925454,177897,151,0,0,13236,0,0,676,1103,0
2016-02-26,7.202320350378527,190737,161,0,1352,10037,0,0,0,1764,0
2016-02-27,7.434496561990463,173456,151,0,0,10368,0,0,0,661,0
2016-02-28,6.768472233928608,187588,161,0,0,10037,0,0,0,551,210919
2016-02-29,7.414007243532335,180724,156,0,0,60998,0,0,0,6066,0
2016-03-01,6.486965733185174,191868,165,0,10818,15111,0,0,0,2206,0
2016-03-02,7.267990479975,185407,161,0,2028,15001,0,0,1352,1433,0
2016-03-03,7.515930165678159,177211,151,0,2704,12464,0,0,0,1323,0
2016-03-04,7.876961161521928,196794,165,0,0,18200,0,0,0,2095,0
2016-03-05,8.140218218781667,186457,161,0,1352,9044,0,0,0,992,0
2016-03-06,7.865525306301161,183308,156,0,0,11140,210919,0,0,1323,0
2016-03-07,7.060257364216744,181289,156,0,0,47651,0,0,0,3640,0
2016-03-08,7.0790853654979315,206322,175,0,676,7390,0,0,0,1213,0
2016-03-09,7.186062290896861,186376,161,0,676,11692,0,0,0,1323,0
2016-03-10,7.123791738697884,176605,151,0,2028,11251,0,0,2028,882,0
2016-03-11,1.9219148280545015,197601,165,0,2704,11912,210919,0,0,4522,0
2016-03-12,0.26857127062616004,174344,151,0,676,8603,210919,0,0,551,421839
2016-03-13,7.29722815509081,194936,165,0,0,8603,210919,0,676,661,210919
2016-03-14,7.663833921787578,219566,190,0,6085,50850,210919,0,0,6507,0
2016-03-15,7.542725515300515,227964,200,0,5409,15773,0,0,3380,551,0
2016-03-16,7.48645682571669,223846,195,0,3380,9706,0,0,676,551,210919
2016-03-17,7.616900867161038,212702,185,0,2028,12795,0,0,1352,661,0
2016-03-18,7.5112234805302025,227156,195,0,1352,17869,0,0,0,2316,0
2016-03-19,7.429933183121867,213671,185,0,676,10258,210919,0,0,661,0
2016-03-20,7.153546171933526,219081,190,0,0,14780,210919,0,0,772,421839
2016-03-21,0.19060312344342165,226430,195,0,676,213548,0,0,0,28127,0
2016-03-22,7.234689263571907,227964,200,0,2028,12133,0,0,0,3198,0
2016-03-23,7.390664662916857,225017,195,149,4732,10368,0,0,1352,1323,0
2016-03-24,7.6889750190747765,211975,185,0,4056,13457,0,0,676,1103,0
2016-03-25,7.999034862837585,228206,195,0,3380,14891,0,0,0,992,0
2016-03-26,7.918656057368187,218354,190,0,676,8493,0,0,676,441,0
2016-03-27,7.277256352783341,254370,214,0,0,23605,0,0,0,2757,0
2016-03-28,6.906591429275729,253078,214,0,0,163581,0,0,0,30554,0
2016-03-29,6.783941100399741,244397,209,0,676,9375,0,0,0,2316,0
2016-03-30,6.750267914230806,235312,200,0,2028,13236,0,0,1352,1875,0
2016-03-31,6.644583473677844,234465,200,0,1352,16214,0,0,0,1985,0
2016-04-01,5.239877616462854,248717,214,0,1352,85596,0,0,2028,38275,0
2016-04-02,6.354711776542043,243792,209,0,1352,10037,0,0,676,330,210919
2016-04-03,5.2205390392358115,250655,214,0,0,17648,421839,0,0,2206,421839
2016-04-04,5.4369181503257344,250655,214,0,676,32870,210919,0,0,7280,0
2016-04-05,0.0,249323,214,0,4056,18641,0,0,1352,3088,0
2016-04-06,5.687831158477676,242540,209,0,4056,13015,0,149,3380,1654,0
2016-04-07,6.153467077150978,237372,204,0,4056,14118,0,0,0,1103,0
2016-04-08,6.760146929827835,249363,214,0,1352,11802,0,0,0,2095,0
2016-04-09,6.616740300702533,244034,209,0,0,12133,210919,0,1352,1103,0
2016-04-10,5.2205390392358115,250655,214,0,0,11030,210919,0,0,992,0
2016-04-11,5.758560665111595,249081,214,0,0,38496,210919,0,0,6618,210919
2016-04-12,5.876443176168127,248919,214,0,3380,10258,0,0,676,1544,0
2016-04-13,5.423114191649127,247587,209,0,6761,13788,0,0,0,1323,0
2016-04-14,6.25136706499183,252230,214,0,4056,17317,0,0,1352,1764,0
2016-04-15,6.853570152983917,263334,224,0,2028,15111,0,0,0,2757,0
2016-04-16,7.031155954926431,260184,219,0,1352,12574,210919,0,1352,882,210919
2016-04-17,6.035320033110307,263334,224,0,676,11251,210919,0,676,882,0
2016-04-18,5.8880107041254774,265514,224,0,5409,44342,210919,0,0,6177,0
2016-04-19,5.749312423912685,264222,224,0,3380,15552,0,0,0,2978,0
2016-04-20,6.7344246109509625,259296,219,0,4056,12795,210919,0,2028,1764,0
2016-04-21,7.00177786597827,252190,214,0,4056,13236,0,0,1352,1544,0
2016-04-22,7.154731655437398,263899,224,0,3380,15221,0,0,676,2647,0
2016-04-23,6.656261613439926,260023,219,0,1352,15111,210919,0,0,1213,0
2016-04-24,5.456771800634306,265029,224,0,676,14118,210919,0,0,1985,0
2016-04-25,6.027233879272696,265998,224,0,0,74455,0,0,0,10699,210919
2016-04-26,5.815264558695319,265110,224,0,6085,21178,0,149,676,4081,0
2016-04-27,6.4076129808149345,254855,214,0,2704,21950,0,0,0,1323,0
2016-04-28,6.795788675620541,253159,214,0,2704,17869,0,0,676,2426,210919
2016-04-29,6.52833346231075,284249,239,0,0,22171,210919,0,676,2978,0
2016-04-30,6.6648492016143335,274558,229,0,0,15883,210919,0,1352,1103,0
2016-05-01,6.53752829817316,269955,234,0,676,25480,0,0,0,2536,0
2016-05-02,5.901508366090491,261396,224,0,0,56475,210919,0,676,6177,0
2016-05-03,6.544800298504832,267856,229,0,0,15773,0,0,0,2426,0
2016-05-04,6.020577679874621,259861,224,0,676,40150,0,0,676,772,0
2016-05-05,5.985616456930185,254047,219,0,0,19082,0,0,0,1654,0
2016-05-06,6.268058589043003,271005,234,0,0,19082,0,0,0,5073,210919
2016-05-07,6.4219699074857886,267533,229,0,0,14560,210919,0,0,1433,0
2016-05-08,5.943546038620498,285298,243,0,0,12795,210919,0,0,882,0
2016-05-09,5.782225139346078,269996,229,0,0,48754,0,0,0,5735,0
2016-05-10,6.447724026835366,279202,239,0,3380,21619,210919,0,0,2206,0
2016-05-11,6.227458574529543,260669,224,0,2028,24046,210919,0,2704,1764,0
2016-05-12,6.0692122430392565,260871,224,0,0,15001,210919,0,0,1103,0
2016-05-13,6.39209104388435,279888,239,0,0,17648,0,0,0,2206,0
2016-05-14,7.079920648368171,268098,224,0,0,13567,0,0,0,1103,0
2016-05-15,6.36144921670226,291920,239,0,0,17428,0,0,0,1764,421839
2016-05-16,7.563243784462263,271530,229,0,0,55482,421839,149,0,4632,0
2016-05-17,7.458149497477677,302943,258,0,4732,28458,0,0,2704,3309,0
2016-05-18,7.434740871140147,300157,253,0,1352,15001,0,0,2028,1875,0
2016-05-19,7.358454414298362,292445,248,0,4056,10589,0,0,1352,1544,0
2016-05-20,7.244385140539103,314046,263,0,1352,17979,0,0,0,2426,0
2016-05-21,6.841826685021247,293616,248,0,676,9155,632759,0,0,1213,0
2016-05-22,6.111100977845508,314450,263,0,0,13567,0,0,0,882,0
2016-05-23,6.7583557557293155,301408,253,149,676,66513,0,0,0,9486,0
2016-05-24,7.078580478381848,304235,258,0,2028,16104,0,0,1352,882,0
2016-05-25,7.807373228076157,294181,248,0,2704,15001,0,0,1352,2426,0
2016-05-26,8.043419757217643,287559,243,0,1352,39268,0,149,676,2206,0
2016-05-27,7.667945072674948,330681,273,0,676,26472,0,0,1352,1764,0
2016-05-28,6.827394735044933,294746,248,0,0,18089,0,0,0,1985,0
2016-05-29,6.534864755265181,312673,263,0,0,19413,0,0,0,1544,0
2016-05-30,6.951480423738023,294504,248,0,0,107656,0,0,2028,15663,0
2016-05-31,7.088504789991401,318730,263,0,3380,20847,0,0,0,1654,0
2016-06-01,6.869752508225416,288528,248,0,1352,38275,0,0,1352,3419,0
2016-06-02,5.814228884779827,289659,248,0,4056,18751,0,0,0,2536,0
2016-06-03,6.795283646347634,317842,268,0,2028,20847,0,0,0,3750,0
2016-06-04,5.647461102063296,296644,253,0,0,18641,0,0,0,1985,0
2016-06-05,5.8076739480438855,306456,263,0,0,14670,0,0,0,1764,0
2016-06-06,6.732959608623747,289094,248,0,7437,71366,0,0,0,7831,0
2016-06-07,6.463367691996209,294666,253,0,2704,25369,0,0,676,2867,0
2016-06-08,7.274676944685856,288528,248,0,2704,23163,0,0,0,2867,0
2016-06-09,7.766315369790242,283118,243,0,676,23053,0,0,676,1654,0
2016-06-10,7.679601381146298,313319,268,0,1352,22281,0,0,0,5735,0
2016-06-11,7.647021254074768,297411,253,0,0,16655,0,0,0,772,0
2016-06-12,5.961326953722733,315379,268,0,0,21178,0,0,0,1433,0
2016-06-13,6.194179671213429,291234,248,0,0,48754,0,0,0,6066,0
2016-06-14,7.120543229720176,286833,243,0,1352,18310,0,0,0,1103,0
2016-06-15,8.355869217233979,296038,243,0,2704,19192,0,0,0,2757,0
2016-06-16,7.304675819990947,283360,234,149,676,22060,0,0,676,2647,0
2016-06-17,6.701039096436928,317922,263,0,676,23715,0,0,0,3198,0
2016-06-18,6.303059983681718,305971,253,0,676,18420,0,0,0,2647,0
2016-06-19,6.884877097627999,326603,268,0,0,20626,0,0,0,1875,0
2016-06-20,7.568807132053719,297088,248,0,0,57909,0,0,0,9155,0
2016-06-21,7.5260093535233725,313642,258,0,2028,28899,0,0,0,2978,0
2016-06-22,7.5001217581979125,310332,258,0,676,19303,0,0,0,1875,0
2016-06-23,8.006494465434006,278071,234,0,2028,22060,0,0,0,2426,0
2016-06-24,7.98678543639215,313239,263,0,2028,26693,0,0,676,2316,0
2016-06-25,7.593523025423291,294585,248,0,0,17207,0,0,0,2206,0
2016-06-26,7.287926553013249,321516,268,0,0,19634,0,0,0,2867,0
2016-06-27,7.570172708616947,301449,253,0,0,53056,0,0,0,7721,0
2016-06-28,7.849074331371519,315177,258,0,0,22943,0,0,676,2867,0
2016-06-29,7.700803741876898,310655,258,0,676,19854,0,0,0,1985,0
2016-06-30,7.435424674094875,282997,239,0,676,24156,0,0,676,2095,0
2016-07-01,7.081486314219939,318932,268,0,0,37282,0,0,0,4081,0
2016-07-02,7.149010740267099,301449,253,0,0,16766,0,0,0,772,0
2016-07-03,7.019685721385982,297896,253,0,0,18200,0,0,0,2095,0
2016-07-04,7.476771441391569,298946,253,0,0,71587,0,0,0,9927,0
2016-07-05,7.200876012520247,311301,258,0,0,25921,0,0,0,3529,0
2016-07-06,6.82861236774748,311987,258,0,676,27465,0,0,0,2095,0
2016-07-07,6.549941326587412,283280,239,0,676,30995,0,0,0,2757,0
2016-07-08,6.822568209907854,318245,268,0,0,31988,0,0,676,5184,0
2016-07-09,6.488099591101782,301449,253,0,0,17869,0,0,0,1433,0
2016-07-10,7.2432682733281215,316792,268,0,0,15883,0,0,0,1654,0
2016-07-11,7.742965052983897,298946,253,0,0,49305,421839,0,0,6728,210919
2016-07-12,7.024319177307689,321556,263,0,0,18641,0,0,0,4412,0
2016-07-13,7.0944770349761646,309363,258,0,0,25921,0,0,0,1654,0
2016-07-14,6.969685583706406,291557,248,0,0,22502,0,0,0,2426,0
2016-07-15,6.813622444091379,315782,268,0,0,26142,0,0,0,2978,0
2016-07-16,6.944384218206909,297371,253,0,0,19303,421839,0,0,2095,0
2016-07-17,6.860443900490693,315621,268,0,0,20516,0,0,0,1875,0
2016-07-18,7.260625429314741,297936,253,0,676,55924,0,0,0,6949,0
2016-07-19,6.375892762486592,343319,278,0,0,19523,0,0,0,4301,0
2016-07-20,6.6086146576049,327815,268,0,0,25700,0,0,0,2647,0
2016-07-21,6.88763935601106,311018,258,0,0,22171,0,0,0,2206,0
2016-07-22,7.195553778940713,328864,278,0,0,20626,0,0,0,1985,0
2016-07-23,6.236767182264265,317720,268,0,0,16435,421839,0,0,882,210919
2016-07-24,6.408976425356638,328703,278,0,0,22502,0,0,0,772,0
2016-07-25,7.003986452264679,311947,263,0,0,39157,0,0,0,4963,0
2016-07-26,7.588852962062022,328703,273,0,0,302012,0,0,676,11581,0
2016-07-27,7.322659350469694,331206,273,0,0,17758,210919,0,0,992,0
2016-07-28,7.299309033663349,304073,253,0,676,21178,0,0,0,1654,0
2016-07-29,7.200208082808075,328864,278,0,0,20737,0,0,0,992,0
2016-07-30,7.3144919285467624,320587,273,0,0,20626,0,0,0,1985,210919
2016-07-31,6.357779082815662,329753,278,0,0,291533,421839,0,0,1544,210919
2016-08-01,6.801659405070046,312835,263,0,0,59233,210919,0,0,6066,0
2016-08-02,7.163877196186549,328703,273,0,0,41253,0,0,0,9927,0
2016-08-03,7.322659350469694,331206,273,0,0,25480,0,0,0,3198,0
2016-08-04,7.1895299507081365,304679,248,0,676,25039,0,0,0,3419,0
2016-08-05,7.626668447129587,329430,278,0,0,21068,0,0,0,1985,0
2016-08-06,7.229258083244314,317720,268,0,0,19192,210919,0,0,1985,0
2016-08-07,6.2341601501425705,329672,278,0,0,18972,210919,0,0,2757,0
2016-08-08,7.390362195122535,311260,263,0,0,38606,210919,0,0,4301,0
2016-08-09,7.934437650795924,328703,273,0,0,18420,0,0,0,2095,0
2016-08-10,7.747635116345166,335607,278,0,0,21509,0,0,0,1654,0
2016-08-11,7.740268182503254,304800,253,0,0,20075,0,0,0,2978,0
2016-08-12,7.570172708616947,328864,278,0,676,18089,0,0,0,4853,210919
2016-08-13,7.647021254074768,317963,268,0,1352,13567,421839,0,0,1213,210919
2016-08-14,6.767399194733398,329833,278,0,0,15994,0,0,676,1544,0
2016-08-15,7.2432682733281215,298744,253,0,0,54159,0,0,0,4853,0
2016-08-16,7.656329861809491,319739,263,0,0,18310,0,0,0,1103,0
2016-08-17,7.8643867003768895,311987,258,0,0,20075,210919,0,0,2206,210919
2016-08-18,7.608726676143867,306173,253,0,2028,18531,0,0,676,1985,0
2016-08-19,7.688909988881021,329995,278,0,0,16655,0,0,0,2757,0
2016-08-20,7.665490713865885,311906,263,0,0,19082,0,0,0,2316,210919
2016-08-21,7.0284453587097495,329833,278,0,0,16545,632759,0,0,1544,0
2016-08-22,7.8285391049018624,311826,263,0,1352,60887,210919,0,0,8493,0
2016-08-23,8.238117845229665,330076,273,0,1352,23053,0,0,0,3860,0
2016-08-24,7.712181508217828,332579,273,0,2028,23053,0,0,0,2757,0
2016-08-25,7.656548032303274,308030,253,0,1352,22722,0,0,0,2206,0
2016-08-26,7.416631941667177,332216,278,0,0,17758,0,0,676,2536,0
2016-08-27,7.389514457419765,314854,263,0,0,17317,0,0,0,1985,210919
2016-08-28,7.145196942741474,329833,278,0,676,15442,210919,0,676,1103,210919
2016-08-29,7.437577580043506,311826,263,0,0,57137,0,0,0,8052,0
2016-08-30,7.41352947473107,330399,273,0,676,28899,0,0,676,7941,0
2016-08-31,7.266618590134466,332337,273,0,1352,22060,0,0,0,2536,0
2016-09-01,7.121708215714762,307626,253,0,2704,31988,0,0,676,2867,0
2016-09-02,7.1129282106197955,330722,278,0,676,25700,210919,0,0,7610,0
2016-09-03,7.015319213542068,321516,263,0,0,9265,210919,0,0,1433,0
2016-09-04,7.470157707115035,330076,278,0,0,10920,0,0,0,772,0
2016-09-05,7.536481537224935,299551,253,0,676,49857,0,0,0,5625,0
2016-09-06,7.263443914937582,336213,278,0,2028,14560,0,0,676,2757,0
2016-09-07,7.435424674094875,337263,273,0,1352,17758,0,0,1352,1875,0
2016-09-08,7.50427820970275,316630,258,0,2704,22722,0,0,2028,4301,0
2016-09-09,7.737454378217601,335002,278,0,676,22722,0,0,0,2206,0
2016-09-10,7.803675876680394,312472,263,0,676,13015,421839,0,0,1764,210919
2016-09-11,6.944384218206909,329833,278,0,0,18200,210919,149,676,1433,0
2016-09-12,7.154496260608862,314208,263,0,2028,58571,0,0,676,8162,0
2016-09-13,6.459229416388293,336294,278,0,8789,23494,0,0,1352,2757,0
2016-09-14,7.4227963865744835,319820,263,0,2028,20295,0,0,1352,1213,0
2016-09-15,7.879736447442838,305688,253,0,5409,17097,0,0,676,2426,0
2016-09-16,7.588077256622354,314087,263,0,4056,27465,0,0,0,4301,0
2016-09-17,7.3846680049864055,291476,248,0,0,14560,421839,0,676,1544,0
2016-09-18,6.990764408776812,330076,278,0,0,14008,0,0,676,1433,0
2016-09-19,7.24603448620129,313965,263,0,4732,87250,0,0,676,14118,210919
2016-09-20,7.593600456525654,343481,282,0,15551,15221,0,0,676,2757,0
2016-09-21,7.948447840879731,325069,268,0,6761,16214,421839,0,3380,2206,0
2016-09-22,7.9318641423680045,307344,253,0,7437,17538,0,0,2704,2757,0
2016-09-23,7.842683885284674,325594,273,0,0,20406,0,0,1352,3640,0
2016-09-24,7.377702083232841,317196,263,0,676,16545,210919,0,0,1764,0
2016-09-25,7.210577829799239,343723,287,0,0,13898,210919,0,0,882,0
2016-09-26,7.582151591224156,321274,268,0,1352,86037,210919,0,0,13567,210919
2016-09-27,7.134071771139111,342835,282,0,3380,15663,0,0,0,1433,0
2016-09-28,7.549747274917869,330883,273,0,5409,22171,0,0,2704,2095,0
2016-09-29,7.787318680394513,312391,258,0,6761,16655,0,0,676,1764,0
2016-09-30,7.73248186775397,328945,273,0,1352,15001,0,0,0,1985,0
2016-10-01,7.497184670826114,321879,263,0,1352,22722,210919,0,676,3198,0
2016-10-02,7.732856960286395,331691,278,0,1352,23935,421839,0,0,3198,210919
2016-10-03,7.457155167724164,314854,263,0,2028,70484,0,0,0,12574,0
2016-10-04,7.025810699070096,330722,273,0,4056,19965,0,0,8113,3640,0
2016-10-05,7.305012296883305,325957,268,0,4732,15994,0,0,1352,1875,0
2016-10-06,7.401641669330192,306900,253,0,5409,15111,0,0,2028,1985,0
2016-10-07,6.487841559611227,340372,278,0,4056,17869,0,0,676,5515,0
2016-10-08,7.134078706442769,310089,258,0,1352,12684,421839,0,0,1544,210919
2016-10-09,5.657265162247973,325473,273,0,0,13677,0,0,676,1764,0
2016-10-10,6.078118968087105,320991,268,0,2028,46438,0,0,0,5956,0
2016-10-11,5.78542327271961,331933,273,0,2704,16104,0,0,0,1103,0
2016-10-12,6.370297220925586,330479,268,0,10142,13567,210919,447,6761,992,0
2016-10-13,7.0846869266206,306334,253,0,5409,13788,0,0,2704,1323,0
2016-10-14,7.695986378112654,341583,282,0,4732,18862,210919,0,0,2757,0
2016-10-15,7.042853000994516,319659,268,0,2028,13788,421839,0,676,1544,0
2016-10-16,6.569989624781335,341219,287,0,676,17428,0,0,0,772,0
2016-10-17,6.277537440947355,342431,287,0,2704,58461,0,0,0,4963,0
2016-10-18,6.3590028216762775,357289,292,0,7437,20957,0,0,0,1875,0
2016-10-19,6.320162378385799,352242,287,0,3380,19303,0,0,4056,1213,0
2016-10-20,7.26036431743407,332014,273,149,5409,18420,0,0,1352,2095,0
2016-10-21,7.046339561886097,367383,302,0,2704,14670,0,0,676,2095,0
2016-10-22,6.389487948447019,339483,282,0,1352,15111,421839,0,2028,1433,210919
2016-10-23,6.485588238736338,353655,297,0,0,11692,210919,0,0,772,0
2016-10-24,6.320941091476094,336051,282,0,2028,240021,0,0,0,36951,210919
2016-10-25,5.796392122955068,354624,292,149,11494,16655,0,149,1352,3309,0
2016-10-26,6.906806739346433,352848,287,0,4732,15221,0,0,0,3529,0
2016-10-27,6.949115797221674,338958,278,0,10818,15442,0,0,2704,2757,0
2016-10-28,6.460778550208477,368070,302,0,7437,21729,0,0,676,2647,0
2016-10-29,6.554156796871453,334759,273,0,0,17538,210919,0,676,2757,0
2016-10-30,5.449867477136522,336778,273,0,0,32098,210919,0,0,3750,210919
2016-10-31,4.7217396708263,314894,253,0,0,402058,0,0,0,72138,0
2016-11-01,5.755041151292281,319537,258,0,7437,47430,0,0,676,6618,0
2016-11-02,5.735292868623518,329955,268,0,2704,17979,0,0,676,1764,0
2016-11-03,6.578356031357152,325634,263,0,4056,20406,0,0,0,3529,0
2016-11-04,7.259501272956203,333427,268,0,1352,14339,0,0,0,2867,0
2016-11-05,4.2273818538151025,301853,243,0,0,12574,421839,0,676,992,210919
2016-11-06,5.436869096979857,320829,258,0,0,25039,210919,0,676,1985,0
2016-11-07,6.111931140222366,298421,239,0,676,39268,0,0,676,4743,0
2016-11-08,5.3728431606071805,303831,243,0,4732,24046,0,0,676,3970,0
2016-11-09,4.687514980594806,310009,248,0,2704,17979,210919,0,1352,1213,0
2016-11-10,5.073979546024758,294181,239,0,4732,22612,0,0,1352,2536,0
2016-11-11,5.463500267777505,319820,258,0,1352,22943,0,0,676,2536,0
2016-11-12,4.951844423698512,285460,229,0,1352,16655,210919,0,0,1764,0
2016-11-13,4.9021148380822535,309080,248,0,0,17979,421839,0,0,1875,210919
2016-11-14,4.228414649884372,305002,243,0,676,49305,0,0,1352,6838,0
2016-11-15,5.490611297604504,310332,248,0,676,17317,0,0,3380,3309,0
2016-11-16,4.683825642680769,297492,239,0,4732,26362,0,0,676,2316,0
2016-11-17,6.061755858272156,307425,248,0,4056,14008,0,0,2028,1764,0
2016-11-18,6.392950195906377,305931,248,0,2704,20185,0,0,0,1764,0
2016-11-19,5.808604259141734,311906,248,0,1352,13457,210919,0,0,992,0
2016-11-20,6.136228718813316,310453,253,0,676,19523,210919,0,0,1985,210919
2016-11-21,4.76132587483901,310655,248,0,2028,53718,0,0,0,6838,0
2016-11-22,5.486655346845673,316550,253,0,5409,17648,0,0,0,772,0
2016-11-23,5.530975245806535,306294,243,0,10818,25369,0,0,676,2426,0
2016-11-24,6.9445207697671805,315500,253,0,8789,22391,0,0,2028,1654,0
2016-11-25,7.4269134841096704,308192,248,0,2028,26803,210919,0,1352,2206,0
2016-11-26,6.678354468486905,310251,248,0,2028,13677,843679,0,676,1985,210919
2016-11-27,6.196294117865094,316469,253,0,0,17428,0,0,0,1764,0
2016-11-28,5.384527027965709,311906,248,0,676,38827,0,0,0,6066,0
2016-11-29,5.73509537281638,317357,253,0,2028,17869,0,0,676,2757,0
2016-11-30,5.8355602514441625,307869,243,0,6761,16876,210919,0,2028,1875,210919
2016-12-01,6.701332112922869,317155,253,0,4732,24156,210919,0,676,1433,0
2016-12-02,6.383679898121739,312310,248,0,1352,18200,0,0,676,3860,0
2016-12-03,6.499473758509026,310332,248,0,0,17538,210919,0,0,1433,0
2016-12-04,6.509047395952372,313925,253,0,0,14339,210919,0,0,1433,0
2016-12-05,5.081884210292464,310493,248,0,3380,34856,210919,0,676,5846,0
2016-12-06,5.388444251720865,310735,248,0,1352,16104,0,0,0,1544,0
2016-12-07,5.58466692625826,306779,243,0,676,16766,0,0,676,1875,0
2016-12-08,5.887439679065191,317074,253,0,676,18200,0,0,1352,1213,0
2016-12-09,6.282512340274904,313198,248,0,4056,18310,0,0,1352,2867,0
2016-12-10,6.731910798645033,313683,248,0,676,13898,0,0,676,1433,0
2016-12-11,6.274979351857308,315379,253,0,0,22943,0,0,0,1654,0
2016-12-12,5.7778968584015375,304437,243,0,1352,46438,0,0,0,5735,0
2016-12-13,4.717220352864812,310897,248,0,1352,11581,0,0,0,772,0
2016-12-14,6.023969671622699,261557,209,0,4056,20185,0,0,1352,3309,0
2016-12-15,6.8128452465069556,294020,239,0,0,21729,0,0,676,2316,0
2016-12-16,6.858903484580046,303427,243,0,676,18751,0,0,1352,2867,0
2016-12-17,6.179083695394525,306698,243,0,1352,15994,0,0,676,1875,0
2016-12-18,6.006016619674379,309807,248,0,0,15883,0,0,0,1103,0
2016-12-19,5.993893002640847,273751,219,0,0,85044,0,0,0,12354,0
2016-12-20,5.454513293500438,284975,229,0,676,16655,0,0,0,2978,0
2016-12-21,5.370801753940225,263213,209,0,2028,20847,0,0,0,2426,0
2016-12-22,6.433778488275625,304275,243,0,676,18751,0,0,0,2647,0
2016-12-23,6.196236090388806,310735,248,0,676,26693,0,0,1352,2426,0
2016-12-24,5.917981894826772,315500,253,0,0,23163,0,0,676,2426,0
2016-12-25,5.498593215949756,315136,253,0,0,25480,0,0,0,1875,0
2016-12-26,5.425483120542785,310978,248,0,0,216637,0,0,0,34856,0
2016-12-27,6.767968786335493,316065,253,0,0,22832,0,0,0,4412,0
2016-12-28,7.529018196427526,298946,239,0,0,26142,0,0,0,2316,0
2016-12-29,7.6972945804067825,315177,253,0,676,28899,0,0,0,2536,0
2016-12-30,7.053406983927293,321556,258,0,0,19082,0,0,0,1985,0
2016-12-31,7.61815250058953,297492,234,0,0,18862,0,0,0,1103,0
2017-01-01,7.940070968478485,229862,185,0,0,28017,0,0,0,1213,0
2017-01-02,7.875317209427363,304437,243,0,676,275319,0,0,676,35297,0
2017-01-03,7.857405191513579,322606,258,0,676,25811,0,0,0,1985,0
2017-01-04,8.084840569091295,307021,243,0,676,27906,0,0,0,551,0
2017-01-05,7.80625527214156,304033,243,0,0,30554,0,0,1352,661,0
2017-01-06,7.793119517629237,309968,248,0,0,24597,0,0,1352,1654,0
2017-01-07,7.907822304017803,328259,263,0,0,26583,0,0,0,1654,0
2017-01-08,7.431162973880716,337666,268,0,0,31657,0,0,0,1433,0
2017-01-09,7.980663132613135,315823,253,0,1352,90780,0,0,0,9706,0
2017-01-10,7.830759567921679,317680,253,0,0,17538,0,0,0,2426,0
2017-01-11,7.92359018373776,306940,243,0,676,17758,0,0,0,1544,0
2017-01-12,7.546704905939879,318043,253,0,0,21178,0,0,0,3529,0
2017-01-13,7.026859160253711,288811,229,0,0,17317,0,0,0,1875,0
2017-01-14,6.88955915690541,293858,234,0,0,15994,0,0,0,1433,0
2017-01-15,7.592567434900523,284370,229,0,0,23715,0,0,0,1764,0
2017-01-16,7.038040762207663,289174,229,0,676,74234,0,0,0,10920,0
2017-01-17,6.909452745883087,295796,234,0,676,18420,0,0,0,1544,0
2017-01-18,5.744764010620586,286712,224,0,2028,15994,0,0,676,1544,0
2017-01-19,6.988225008458301,273105,219,0,676,12023,0,0,676,992,0
2017-01-20,6.918408405359011,278555,224,0,0,20957,0,0,0,1875,0
2017-01-21,7.244217111598347,287236,229,0,0,17207,0,0,676,2095,0
2017-01-22,7.2808256349070435,272055,214,0,0,18310,0,0,676,2647,0
2017-01-23,6.0899130277118045,289901,229,0,0,34745,0,0,0,1875,0
2017-01-24,6.431169232451901,295473,234,0,4056,15663,0,0,0,2095,0
2017-01-25,6.233969513272956,287600,224,0,0,13457,0,0,1352,1103,0
2017-01-26,7.716024720043157,273105,219,0,0,15773,0,0,0,1323,0
2017-01-27,7.763068563834312,283280,229,0,2028,18420,0,0,0,2426,0
2017-01-28,7.570248674016317,288488,229,0,0,15442,0,0,0,2316,0
2017-01-29,7.914391837628086,287196,229,0,0,14449,0,0,0,1544,0
2017-01-30,6.967431015385639,293616,229,0,0,61329,0,0,0,5846,0
2017-01-31,7.7537152844412,297532,234,0,676,14008,0,0,0,1213,0
2017-02-01,7.600343149328141,286065,224,0,0,15883,0,0,2704,1433,0
2017-02-02,7.95706949631592,272055,219,0,2704,15332,0,0,0,1103,0
2017-02-03,7.824812680668587,278192,224,0,676,14560,0,0,0,1433,0
2017-02-04,7.68995758139136,285783,229,0,1352,12464,0,0,0,992,0
2017-02-05,7.92107629019365,285904,229,0,0,21068,0,0,0,1213,0
2017-02-06,7.838746839520053,288690,229,0,2028,40481,0,0,0,6397,0
2017-02-07,7.555756426066942,295473,234,0,6085,12905,0,0,0,1103,0
2017-02-08,7.902414877553346,286550,224,0,1352,17207,0,0,1352,1213,0
2017-02-09,8.05236374178078,276658,219,0,5409,20185,0,0,2028,1433,0
2017-02-10,8.071525865425489,276940,224,0,1352,18420,0,0,676,1654,0
2017-02-11,7.707824129637061,286187,229,0,1352,15332,0,0,676,772,0
2017-02-12,7.904713534157749,293575,234,0,0,18641,0,0,0,772,0
2017-02-13,7.164432798580012,289174,229,0,2704,59012,0,0,0,10147,0
2017-02-14,6.50717017159837,281947,224,0,3380,16214,0,0,0,1654,0
2017-02-15,6.688651839740291,272338,214,0,5409,14449,0,0,1352,1433,0
2017-02-16,7.726308120355615,259094,209,0,10818,19413,0,0,676,1764,0
2017-02-17,7.9721023963415325,263939,214,0,2028,22171,0,0,676,2095,0
2017-02-18,7.4702450359575785,294221,239,0,0,19192,0,0,0,1433,0
2017-02-19,7.684255685013659,272015,219,0,0,17428,0,0,0,1323,0
2017-02-20,7.106593107294101,278273,224,0,8789,90780,0,0,0,15001,0
2017-02-21,7.639301737142656,280453,224,0,676,16545,0,0,676,4522,0
2017-02-22,8.036525370651427,318205,253,0,1352,21288,0,0,676,1764,0
2017-02-23,7.977929467088503,303427,243,0,2028,19523,0,0,2028,2757,0
2017-02-24,7.77640769448742,257075,200,0,0,11471,0,0,676,1544,0
2017-02-25,6.764200990955168,269309,219,0,0,15111,0,0,0,1323,0
2017-02-26,7.537829652257394,328703,258,0,0,13236,0,0,0,1544,0
2017-02-27,7.270676919956399,274720,219,0,2028,72800,0,0,0,15883,0
2017-02-28,6.239562738580765,281341,224,0,18255,11912,0,0,0,1654,0
2017-03-01,6.4896884999904785,274800,219,0,5409,21399,210919,0,676,992,0
2017-03-02,7.651309317637813,257358,209,0,4732,17538,0,0,2028,1433,0
2017-03-03,7.774018333751237,277183,224,0,3380,24046,0,0,0,1654,0
2017-03-04,7.75407024302408,275689,219,0,676,16545,210919,0,0,882,0
2017-03-05,7.867028973068135,277990,224,0,0,18972,0,0,0,1213,0
2017-03-06,6.013072929672398,279646,224,0,0,63535,0,0,0,7500,0
2017-03-07,6.544944332218659,303629,243,0,676,13015,0,0,0,1323,0
2017-03-08,5.300984445277303,270844,214,0,1352,10699,210919,0,0,1764,0
2017-03-09,6.796663528103181,258488,209,0,1352,12684,0,0,0,1103,0
2017-03-10,7.098888624629247,281543,229,0,1352,16325,0,0,1352,1103,0
2017-03-11,7.5401991258485515,275447,219,0,2028,13567,210919,0,676,1323,0
2017-03-12,7.413336414067666,279282,224,0,0,12243,843679,0,676,772,0
2017-03-13,7.357325874691854,274962,219,0,1352,81625,421839,0,0,13015,0
2017-03-14,6.911427336831742,281745,224,0,10818,12905,0,0,6085,1323,0
2017-03-15,7.40460203666524,265877,209,0,5409,17538,0,0,676,772,0
2017-03-16,8.109579994995308,264222,214,0,4056,17317,0,0,676,772,0
2017-03-17,8.022973956349611,275729,224,0,2028,25039,0,0,676,1654,0
2017-03-18,7.490838757632699,285218,229,0,676,13898,210919,0,0,1103,210919
2017-03-19,7.5923704777347725,279848,224,0,676,14339,210919,0,676,992,210919
2017-03-20,7.409784526204809,279323,224,0,1352,338302,0,0,0,44342,0
2017-03-21,7.0360166341750086,281341,224,0,6761,10809,0,0,0,772,0
2017-03-22,7.186835257274752,271086,214,0,4056,16655,0,0,676,661,0
2017-03-23,7.90402236634048,258488,209,0,10142,19303,210919,0,676,1433,0
2017-03-24,7.783878705994821,277586,224,149,2028,17428,0,0,676,1985,0
2017-03-25,8.013021224186268,302983,243,0,2028,15663,0,0,676,1985,0
2017-03-26,7.490315291339442,290143,239,0,0,23605,210919,0,0,5184,0
2017-03-27,7.021685287840033,285823,234,0,1352,547108,210919,0,0,57027,0
2017-03-28,7.266495491264976,273185,224,0,3380,12905,0,0,676,3529,0
2017-03-29,7.611130333530579,264949,219,0,2704,20295,0,0,676,1433,0
2017-03-30,7.837245390959632,275971,229,0,7437,15552,0,0,2028,882,0
2017-03-31,7.7573810364967395,271167,224,0,2028,15773,0,0,3380,1433,0
2017-04-01,7.497469162208712,310776,258,0,3380,19303,210919,0,676,1654,210919
2017-04-02,7.930032061961821,277062,229,0,0,17538,210919,0,0,1433,0
2017-04-03,7.593852676954675,287963,239,0,0,62432,210919,0,0,9265,0
2017-04-04,7.061997494325061,272055,224,0,1352,14780,0,0,676,1323,0
2017-04-05,7.459986684251949,271490,224,0,4732,10920,210919,0,2704,772,0
2017-04-06,7.9041783873109965,282432,234,0,5409,15332,0,0,3380,772,0
2017-04-07,7.982850870236236,276496,229,0,1352,13126,210919,0,676,1654,0
2017-04-08,7.797495656960453,309645,258,0,0,12684,421839,0,0,330,210919
2017-04-09,7.7172610784283995,278555,229,0,0,18200,210919,0,676,1103,0
2017-04-10,7.642531219755667,287963,239,0,676,52615,0,0,676,3750,0
2017-04-11,7.091214697177333,272136,224,0,4732,18420,0,0,0,992,0
2017-04-12,7.341628899875201,271328,224,0,4732,14670,210919,0,2028,1544,210919
2017-04-13,7.794651666008765,275971,229,0,4056,14449,0,0,2028,2647,0
2017-04-14,7.92191307733367,277627,229,0,4056,17648,0,0,0,2536,0
2017-04-15,6.622485643112253,312956,258,0,1352,16986,210919,0,676,882,0
2017-04-16,7.160190666051586,278192,229,0,0,11912,210919,0,0,1654,0
2017-04-17,7.848787725850589,284370,234,0,4732,98832,421839,0,676,12133,0
2017-04-18,7.445094893197698,268461,219,0,8113,22171,0,0,676,2536,0
2017-04-19,7.867669480210252,266846,219,0,8789,22832,0,0,3380,1213,0
2017-04-20,8.013705108613227,278111,229,0,16903,22281,0,0,3380,1433,0
2017-04-21,7.733298633624764,289780,239,0,8113,24377,0,0,1352,2757,0
2017-04-22,7.933304382086923,321597,268,0,1352,14008,210919,0,1352,1544,210919
2017-04-23,7.977196201512483,289336,239,0,676,16104,210919,0,676,1985,210919
2017-04-24,7.721252997123791,293737,243,0,2028,125195,0,0,1352,18641,0
2017-04-25,7.577760596689885,283724,234,0,11494,26472,210919,0,4056,3198,0
2017-04-26,7.287610083088758,270601,224,0,3380,24046,210919,0,676,1654,0
2017-04-27,8.007877169616934,318245,263,0,3380,24046,0,0,676,2647,0
2017-04-28,7.868187337048561,325392,268,0,1352,28127,0,0,676,2647,0
2017-04-29,7.343297625271967,344490,278,0,676,19192,421839,0,0,1433,0
2017-04-30,7.023799650307341,305971,253,0,0,17979,210919,0,0,1433,0
2017-05-01,6.260390198507722,322929,268,0,676,152329,0,0,0,11140,0
2017-05-02,6.144063732338376,330116,273,0,0,16325,0,0,1352,1985,0
2017-05-03,6.514639025919927,289619,239,0,0,15001,0,0,0,1544,0
2017-05-04,7.542581402180262,313683,258,0,1352,18862,0,0,0,1213,0
2017-05-05,7.696302490539914,314127,258,0,0,18972,0,0,0,1654,0
2017-05-06,7.814233185884748,330358,268,0,676,16986,632759,0,676,2206,210919
2017-05-07,6.969774853957498,319376,263,0,0,14891,0,0,0,1323,210919
2017-05-08,7.488646103103195,331125,273,0,0,72249,0,0,0,8383,0
2017-05-09,7.3492298192688255,362821,292,0,0,12023,0,0,0,1764,0
2017-05-10,7.53719888745692,306415,253,0,676,17538,210919,0,1352,1213,0
2017-05-11,7.883679049505238,330560,273,0,2704,16325,0,0,676,1985,0
2017-05-12,7.090289692930826,332216,273,0,0,15332,210919,0,676,1764,0
2017-05-13,6.781799572591986,333023,268,0,0,14008,210919,0,676,1985,0
2017-05-14,7.9168532605944675,321395,263,0,0,23163,421839,0,676,1544,210919
2017-05-15,7.76316421053191,330560,273,149,1352,93868,0,149,0,15994,0
2017-05-16,7.93225289343137,342027,282,0,2028,65630,0,149,1352,4632,0
2017-05-17,8.17994469531467,299147,248,0,5409,18862,210919,0,2028,1323,210919
2017-05-18,7.72074312891211,325432,268,0,3380,15663,0,0,676,2206,0
2017-05-19,7.984108081983012,325796,268,0,1352,19413,0,0,1352,3860,0
2017-05-20,8.07449421121301,323292,268,0,676,16876,210919,0,676,2206,0
2017-05-21,8.001498861493905,321395,263,0,0,20847,421839,0,0,3309,0
2017-05-22,7.969043727111346,323292,268,0,0,104347,0,0,676,34414,0
2017-05-23,7.507070177713587,342592,282,0,6761,17648,0,0,676,2206,0
2017-05-24,8.001199501375241,299955,253,0,7437,17648,0,0,0,1764,0
2017-05-25,7.8569629194663255,320426,268,0,8789,24377,0,0,676,1764,0
2017-05-26,7.789732801279623,319618,268,0,1352,19523,0,0,2028,3309,0
2017-05-27,7.827228506700945,337989,282,0,676,18641,0,0,1352,1544,0
2017-05-28,8.021415473470244,330116,278,0,0,18972,0,0,0,3419,0
2017-05-29,7.8133787267707975,331731,278,0,1352,170530,0,0,2028,26693,0
2017-05-30,7.924785443466905,358178,287,0,4056,21509,0,0,676,2095,0
2017-05-31,7.95397937223968,301691,253,0,4056,24928,0,0,1352,3309,0
2017-06-01,7.264137446672162,340654,282,0,8789,34856,0,0,676,3198,0
2017-06-02,6.922180741045363,324383,268,0,2028,23935,0,0,676,3640,0
2017-06-03,7.361448080620815,345701,282,0,676,17979,0,0,1352,2426,0
2017-06-04,7.664715301834985,329349,273,0,0,20847,0,149,1352,1875,0
2017-06-05,7.356965925710709,347639,282,0,9465,234837,0,0,676,32870,0
2017-06-06,6.699094699755498,335728,282,0,8113,25480,0,0,1352,2978,0
2017-06-07,7.650893178028229,286146,248,0,6761,24487,0,0,676,2536,0
2017-06-08,7.682833069872492,334356,282,0,1352,22612,0,0,1352,5073,0
2017-06-09,7.761955114072104,321314,273,0,1352,25921,0,0,0,3419,0
2017-06-10,8.17466722529976,354463,292,0,1352,23163,0,0,0,2757,0
2017-06-11,6.706821452581052,333225,282,0,676,25259,0,0,0,1654,0
2017-06-12,7.96966644010956,348124,292,0,0,127401,0,0,0,26031,0
2017-06-13,7.544846111628071,326967,282,0,0,25039,0,0,0,2206,0
2017-06-14,7.883298414688267,269229,234,0,3380,24487,0,0,1352,2426,0
2017-06-15,7.725736147550846,331691,282,0,4056,29230,0,0,3380,1654,0
2017-06-16,7.205451849962067,316792,273,0,1352,27134,0,0,2028,4522,0
2017-06-17,7.298333117234843,344934,282,0,1352,25039,0,0,0,3088,0
2017-06-18,7.209918914333803,324625,273,0,0,27576,0,0,0,4522,0
2017-06-19,7.282902510351206,356603,292,0,0,109862,0,0,0,19634,0
2017-06-20,7.4384013506394995,330924,282,0,5409,27465,0,0,0,2095,0
2017-06-21,7.949677122074181,278555,243,0,2704,31105,0,0,0,2978,0
2017-06-22,8.14457869405464,319497,273,0,6761,29671,0,0,2704,2867,0
2017-06-23,7.909186246249594,315096,268,0,676,28017,0,0,676,3750,0
2017-06-24,6.999548116015395,328420,273,0,0,25149,0,0,676,2536,0
2017-06-25,7.611022479029867,315459,268,0,0,27024,0,0,0,2426,0
2017-06-26,7.781596173771864,324746,268,0,0,146373,0,149,0,19523,0
2017-06-27,7.523539226242132,324463,278,0,4056,30002,0,0,676,2757,0
2017-06-28,7.2220369599326055,294141,248,0,1352,29451,0,0,1352,2316,0
2017-06-29,7.9353409626723765,320224,273,0,1352,30554,0,0,0,2978,0
2017-06-30,7.777586725722327,315661,268,0,0,37503,0,0,0,5294,0
2017-07-01,7.223557781941086,335688,278,0,0,58461,0,0,0,8824,0
2017-07-02,7.480631332670337,323777,273,0,0,51181,0,0,0,4301,0
2017-07-03,7.888262473111368,320829,273,0,0,148469,0,0,676,20406,0
2017-07-04,7.501172670054178,333588,282,0,0,39930,0,0,0,3750,0
2017-07-05,7.7724016679051795,294706,253,0,2704,32208,0,0,0,2426,0
2017-07-06,7.65287002530632,327249,278,0,1352,26914,0,0,676,2206,0
2017-07-07,7.732874019351075,317478,268,0,0,34083,0,0,0,3529,0
2017-07-08,7.361426008305984,337061,278,0,0,25480,210919,0,0,1875,210919
2017-07-09,8.104665778295947,315379,268,0,0,24818,0,0,0,1985,0
2017-07-10,8.037678973197657,318811,273,0,0,102362,0,0,676,17758,0
2017-07-11,7.942494666050391,334961,282,0,0,32870,0,0,0,2978,0
2017-07-12,8.024422239407317,289780,258,0,0,30554,0,0,676,1764,0
2017-07-13,7.746797517884242,310534,273,0,0,25590,0,0,0,2757,0
2017-07-14,7.505907575613475,320749,278,0,0,31657,0,0,676,3419,0
2017-07-15,7.779432254775888,317115,268,0,1352,27245,210919,0,0,2426,210919
2017-07-16,7.793988963074593,312754,273,0,0,21619,0,0,0,2206,210919
2017-07-17,7.248710828373209,311664,273,0,0,113392,0,0,0,21178,0
2017-07-18,7.591968346265604,315096,278,0,2028,27686,421839,0,0,2647,0
2017-07-19,7.869931559468656,263859,234,0,0,24818,0,0,0,1875,0
2017-07-20,7.87307820718814,312350,273,0,0,26362,0,0,676,2206,0
2017-07-21,7.569912410003368,287156,248,0,0,29782,210919,0,676,2536,0
2017-07-22,7.467757656446083,328461,278,0,0,23605,210919,0,0,2095,210919
2017-07-23,8.02226540001262,286146,253,0,0,20957,210919,0,0,1544,0
2017-07-24,8.021473975267824,324625,287,0,0,105340,0,0,0,16766,0
2017-07-25,7.664786100324762,316388,282,0,0,21288,0,0,0,1544,0
2017-07-26,7.79272148908049,263697,239,0,0,20957,0,0,676,2316,210919
2017-07-27,7.963174664727415,311543,273,0,0,25149,0,0,0,2206,0
2017-07-28,8.15475380441315,284773,248,0,0,22943,0,0,676,1985,0
2017-07-29,8.049112390125066,323535,273,0,0,20185,210919,0,0,1764,0
2017-07-30,8.016387844716828,303064,253,0,0,25590,421839,0,0,2867,210919
2017-07-31,7.661259131755472,297330,263,0,0,142733,210919,0,0,15994,0
2017-08-01,7.806829602961196,311018,278,0,0,30002,210919,0,0,2536,0
2017-08-02,7.517596040076706,288851,253,0,0,25259,0,0,676,2316,0
2017-08-03,7.91764350035998,315984,273,0,0,26914,0,0,676,2095,0
2017-08-04,8.040938476514244,312552,273,0,0,28348,0,0,0,2757,0
2017-08-05,7.808618212430279,312149,268,0,676,29340,632759,0,0,1654,210919
2017-08-06,7.7627198342820085,332660,287,0,0,28899,210919,0,0,1764,210919
2017-08-07,7.80000567022676,325513,282,0,0,121886,0,0,0,16986,0
2017-08-08,7.691446641110434,328057,278,0,0,25921,0,0,0,2978,0
2017-08-09,7.9073110024306015,287479,253,0,0,24928,421839,0,0,1654,421839
2017-08-10,8.044912392240596,312189,268,0,0,29451,210919,0,2028,2867,0
2017-08-11,7.962978211288432,321516,273,0,0,25590,0,0,0,2095,0
2017-08-12,7.896287752550513,302054,268,0,0,20957,210919,0,0,1764,0
2017-08-13,7.971032869883648,316186,273,0,0,29892,421839,0,0,2978,421839
2017-08-14,7.874932004741046,321879,278,0,0,103575,0,0,676,14118,0
2017-08-15,7.863190487510743,321920,278,0,0,31767,0,0,0,2206,0
2017-08-16,7.964617704533769,288851,253,0,0,28237,0,0,0,2647,0
2017-08-17,8.153030230955268,316227,273,0,676,29782,0,0,676,1875,0
2017-08-18,7.953929838808125,321758,273,0,1352,26362,0,0,0,1985,210919
2017-08-19,7.77905419491586,304558,273,0,0,22943,421839,0,676,772,210919
2017-08-20,7.733298633624764,318326,273,0,0,21619,421839,0,0,2206,0
2017-08-21,7.892793411820131,328016,278,0,676,101369,0,0,0,11802,0
2017-08-22,7.459897854794282,327572,282,0,2028,26803,0,0,676,3198,0
2017-08-23,7.997727554645482,290143,253,0,2028,27465,0,0,1352,2095,0
2017-08-24,8.016086124293711,316550,273,0,676,30554,0,0,676,2536,0
2017-08-25,7.799109849384103,321516,273,0,2028,41143,0,0,0,3529,0
2017-08-26,7.5504224945634935,308918,278,0,1352,23163,210919,0,0,1985,0
2017-08-27,7.757475391788975,316186,273,0,676,23163,421839,0,0,1433,210919
2017-08-28,7.805407336203371,329874,287,298,1352,127842,0,0,0,16986,0
2017-08-29,7.883227891390108,333831,287,0,5409,24818,0,0,0,1433,0
2017-08-30,7.796003417396221,290991,253,0,1352,21950,0,0,0,2536,0
2017-08-31,7.896641040277107,318690,273,0,676,23715,0,0,0,2095,0
2017-09-01,7.407015690932159,309726,268,0,676,36400,0,0,676,3640,0
2017-09-02,7.562332367255861,311180,273,0,1352,21509,210919,0,0,1433,421839
2017-09-03,7.564230342824982,324463,282,0,0,23053,0,0,0,2647,0
2017-09-04,7.784922790057506,326361,282,0,1352,117142,0,0,0,17869,0
2017-09-05,7.697374016671144,321798,278,0,2704,35076,0,0,676,4191,0
2017-09-06,7.490484364552315,290991,253,0,3380,40481,210919,0,1352,2316,0
2017-09-07,7.888296932553295,312512,273,0,6085,34635,0,0,0,1213,0
2017-09-08,8.02239390964812,302216,258,0,0,38606,0,0,676,3419,0
2017-09-09,7.686592035176327,306254,268,0,0,20957,210919,0,1352,1323,210919
2017-09-10,8.002778090524005,323131,282,0,0,28127,210919,0,1352,1323,421839
2017-09-11,7.198724540652836,329914,282,0,2028,123209,210919,0,0,20185,0
2017-09-12,7.739612939622132,319336,278,0,7437,22832,0,0,2028,3419,0
2017-09-13,8.07364737879159,294020,258,0,3380,21399,0,0,676,2316,0
2017-09-14,8.131200978454652,307344,268,0,4732,27465,0,0,3380,2426,0
2017-09-15,7.790170225721257,320385,273,0,2028,30664,0,0,0,6397,0
2017-09-16,7.511314760963973,305244,263,0,1352,24708,421839,0,676,1544,210919
2017-09-17,7.349120186542351,326200,278,0,0,24597,0,0,676,4632,210919
2017-09-18,7.910039361463384,321395,273,0,2028,124643,210919,0,676,18862,210919
2017-09-19,7.774933137889745,324988,282,0,10818,23715,0,0,1352,5073,0
2017-09-20,7.240933241647487,299672,258,0,2704,25480,0,0,3380,1433,0
2017-09-21,7.352906436105953,307425,268,0,4732,24046,210919,0,3380,3309,210919
2017-09-22,7.284292123333999,327855,273,0,2704,25369,0,0,676,2426,0
2017-09-23,7.197995093044725,316550,273,0,2028,17758,421839,0,0,882,0
2017-09-24,6.937921605272628,324140,278,0,0,16104,210919,0,0,992,210919
2017-09-25,7.6163490270219745,310009,278,0,1352,134571,0,0,0,21509,0
2017-09-26,6.984354107758449,317761,282,0,6761,22612,0,0,2028,2536,0
2017-09-27,7.31385573233174,288932,258,0,6085,21288,0,0,2028,1544,0
2017-09-28,7.825721233996397,300157,268,0,8789,25039,0,0,1352,2978,0
2017-09-29,8.034919743820415,313279,273,0,1352,23494,0,0,676,3088,0
2017-09-30,7.975673064134498,314410,278,0,676,20626,421839,0,1352,2095,421839
2017-10-01,8.09783683302046,332619,282,0,676,22391,421839,0,0,1323,0
2017-10-02,7.959166220820877,331408,287,0,1352,129938,0,0,676,20957,0
2017-10-03,7.86103951398884,311220,273,0,2704,23825,0,0,5409,3419,0
2017-10-04,7.888296932553295,303468,263,0,4732,26914,0,0,1352,551,0
2017-10-05,7.314343624742531,300884,263,0,2704,25149,0,0,1352,1213,0
2017-10-06,7.324659064284962,322243,278,0,676,22171,0,0,676,1213,0
2017-10-07,6.761249966964215,304073,263,0,676,18862,210919,0,676,1433,210919
2017-10-08,6.62355271116258,320143,278,0,676,21509,0,0,676,1323,0
2017-10-09,5.843990540219164,318568,278,0,6085,108980,0,0,0,13236,0
2017-10-10,5.898505377348075,325755,282,0,4056,33973,0,0,0,3198,0
2017-10-11,6.743485352846182,303468,263,0,4056,23605,0,0,4732,1764,0
2017-10-12,7.259839072565627,300157,263,0,6085,23163,0,0,4732,992,0
2017-10-13,7.4318002376946,334800,282,149,6085,22281,0,0,1352,1213,0
2017-10-14,6.764433118648749,305729,263,0,676,18200,421839,0,676,1875,210919
2017-10-15,7.07943039883839,330641,282,0,0,18641,0,0,676,1323,210919
2017-10-16,6.454774775411474,319860,278,0,1352,128724,0,0,0,15883,0
2017-10-17,5.320648103781628,325755,282,0,4732,21288,0,0,0,1323,0
2017-10-18,6.3618814929438114,301853,263,0,3380,17538,0,0,2704,1213,0
2017-10-19,6.8918248837710685,303024,263,0,3380,26803,0,0,1352,2647,0
2017-10-20,6.842278046983195,329874,278,0,3380,24266,0,0,676,2978,0
2017-10-21,5.611545804239064,314329,268,0,676,15994,210919,0,0,1213,421839
2017-10-22,6.5665926982447935,328945,278,0,0,17097,421839,0,0,661,0
2017-10-23,6.481814134627413,318568,278,0,6085,364886,210919,0,676,54600,0
2017-10-24,5.789475703090255,317680,278,0,8789,17979,0,0,2028,772,0
2017-10-25,5.2990343230557135,304437,263,0,10818,18200,210919,0,676,1433,210919
2017-10-26,7.468532686660686,299592,263,0,4732,18420,0,0,676,882,0
2017-10-27,7.539185291348514,329753,278,0,4056,21068,0,0,2704,2978,0
2017-10-28,7.7254417700747755,312552,268,0,2028,18972,210919,0,676,1654,0
2017-10-29,7.208313159970228,265272,229,0,0,30443,210919,0,0,2206,421839
2017-10-30,6.713110669997201,276214,239,0,676,329478,0,0,0,59564,0
2017-10-31,6.900012038720824,280978,243,0,6085,22281,0,0,0,4301,0
2017-11-01,7.257119030238854,255460,224,0,2028,22502,0,0,2028,1103,0
2017-11-02,7.9398650217292905,266604,234,0,2704,21178,0,0,0,1103,0
2017-11-03,8.13998022613166,292768,253,0,4056,21840,0,0,0,3750,0
2017-11-04,7.810253656123442,275285,239,0,676,16766,210919,0,0,1213,421839
2017-11-05,7.719502705870736,270844,234,0,676,14670,421839,0,0,1103,0
2017-11-06,7.521977389006696,273064,239,0,0,77654,0,0,676,8824,0
2017-11-07,7.949198515670414,259861,224,0,3380,19634,0,0,0,3309,0
2017-11-08,7.265523234544184,239512,209,0,2028,20295,421839,0,676,1213,0
2017-11-09,7.210033099791239,284652,248,0,4056,16655,0,0,0,1985,0
2017-11-10,7.842568401186683,286752,248,0,676,16435,0,0,676,1544,0
2017-11-11,6.194858781385335,292647,253,0,1352,12795,0,0,0,661,0
2017-11-12,7.527816492108956,262768,229,0,676,16766,0,0,676,772,210919
2017-11-13,6.388105009424787,253482,219,0,2028,80301,0,0,0,7500,0
2017-11-14,7.507762179880837,234828,204,0,6085,17097,0,0,0,1213,0
2017-11-15,6.35643000923092,229539,200,0,3380,15221,0,0,2028,1323,0
2017-11-16,7.227105870721362,280574,239,0,7437,22722,0,0,676,3750,0
2017-11-17,7.857955121888125,279403,239,0,2704,22060,0,0,676,2536,0
2017-11-18,6.818424058533247,281018,243,0,0,15442,421839,0,0,772,210919
2017-11-19,6.8196246966840715,244195,214,0,0,20847,210919,0,0,1875,210919
2017-11-20,6.692918141854193,246941,214,0,2704,64638,0,0,0,6177,0
2017-11-21,6.980015381419453,234263,204,0,2028,34304,0,0,2028,4853,0
2017-11-22,6.30656721826574,246537,214,0,6085,15111,210919,0,676,1213,0
2017-11-23,7.3843318426645395,288771,248,0,6085,14670,0,0,676,1323,0
2017-11-24,7.802299473447711,288246,248,0,2028,23274,0,0,0,3309,210919
2017-11-25,6.0492992092772155,286873,248,0,1352,15442,0,0,1352,1213,210919
2017-11-26,7.133924376007376,261396,229,0,676,16435,0,0,0,1323,0
2017-11-27,6.128689577569973,256631,224,0,2028,84492,210919,0,0,7280,0
2017-11-28,6.893690102850662,244518,214,0,0,16104,0,0,676,1433,0
2017-11-29,5.921157232086123,245407,214,0,4732,17758,0,0,2028,772,0
2017-11-30,6.8961268968071305,285702,248,0,2704,19523,0,0,676,1103,0
2017-12-01,7.878890532139188,285581,248,0,2704,27024,210919,0,0,2426,0
2017-12-02,5.637146280512998,295998,253,0,2704,15663,421839,0,0,882,210919
2017-12-03,7.310781472274312,260669,229,0,0,17317,0,0,0,1433,0
2017-12-04,5.330987124616421,257196,224,0,4732,73793,0,0,0,6949,0
2017-12-05,5.891932389830206,250898,219,0,2704,19303,0,0,0,1875,0
2017-12-06,6.050864948013529,236685,209,0,4056,19744,0,0,676,1875,0
2017-12-07,7.168086830765721,275447,243,0,1352,16104,0,0,1352,1544,0
2017-12-08,6.913585445912971,286873,248,0,1352,22612,0,0,0,1544,0
2017-12-09,5.18083674191116,288367,253,0,0,15332,210919,0,0,772,0
2017-12-10,6.412611383586128,260628,229,0,1352,16986,210919,0,0,1544,0
2017-12-11,5.253162495059978,254289,224,0,0,75668,0,0,0,6287,210919
2017-12-12,6.106588218102915,241611,214,0,1352,29340,0,0,0,1875,0
2017-12-13,6.062176667425803,243630,214,0,4056,17648,0,0,2028,1213,0
2017-12-14,6.742879632433638,276981,243,0,676,22502,0,0,2704,1433,0
2017-12-15,8.046891630507462,284168,248,0,3380,25149,0,0,0,1544,0
2017-12-16,5.6936754745187885,288367,253,0,676,16325,0,0,0,772,0
2017-12-17,6.7642573856142665,260992,229,0,0,19854,0,0,0,1323,0
2017-12-18,4.866140246901932,281826,248,0,0,77654,0,0,0,7280,0
2017-12-19,4.708791999397319,294746,258,0,676,26583,0,0,0,2426,0
2017-12-20,6.059358361211285,264787,234,0,676,26252,0,0,0,2978,0
2017-12-21,6.602798682323222,281826,248,0,676,29782,0,0,676,5404,0
2017-12-22,6.684386662510799,301691,263,0,676,27906,0,0,0,3309,0
2017-12-23,5.5268382997177605,287075,253,0,0,24156,0,0,676,2316,0
2017-12-24,6.415458023487714,277142,243,0,676,29671,0,0,0,3088,0
2017-12-25,4.674806706651567,281099,248,0,0,182994,0,0,0,19634,0
2017-12-26,5.250780108440901,302701,263,0,0,32539,0,0,0,5625,0
2017-12-27,7.267157949564923,264222,234,0,0,30113,0,0,676,2757,0
2017-12-28,6.970333828164239,289780,253,0,0,28017,0,0,0,1654,0
2017-12-29,6.8539917019182885,303831,263,0,0,29782,0,0,0,4081,0
2017-12-30,7.577790160670198,287479,253,0,0,37944,0,0,0,1544,0
2017-12-31,7.737628963708658,228408,200,0,0,21399,0,0,0,2206,0
